"id","title","price","year_raw","mileage_raw","transmission","fuel_type","location_city","location_sub","is_badged","created_at","year","car_age","brand","mileage_clean"
"947409428","DP10% [Km12.000] C300 AMG 2023 White Reg 2024 #AUTOHIGH",8.55e+08,NA,"5.000-10.000",NA,NA,NA,NA,"Standard","2026-08-11T23:32:18+07:00",2023,3,"DP10%",7500
"947792371","Toyota Avanza 2021 Bensin",1.65e+08,NA,"85.000-90.000",NA,NA,NA,NA,"Standard","2026-08-28T22:58:21+07:00",2021,5,"Toyota",87500
"947516764","Mercedes Benz E300 Avantgarde CBU W213 NIK 2016 Akhir Black On Black",3.95e+08,NA,"70.000-75.000",NA,NA,NA,NA,"Standard","2026-08-16T17:56:42+07:00",2016,10,"Mercedes",72500
"947257578","GOOD CONDITION ANTIK TANGAN PERTAMA NISSAN TERRANO 2004",1.1e+08,NA,"160.000-165.000",NA,NA,NA,NA,"Standard","2026-08-05T16:31:06+07:00",2004,22,"GOOD",162500
"947841354","TOYOTA RAIZE GR SPORT 1.0TURBO CVT 2023(KM20RB)2TONE/RECORD/PJK12-26!!",1.79e+08,NA,"25.000-30.000",NA,NA,NA,NA,"Standard","2026-08-31T13:14:17+07:00",2023,3,"TOYOTA",27500
"947841332","Lexus LM350h Hybrid 2025 LIKE NEW Km 3rb",2.05e+09,NA,"0-5.000",NA,NA,NA,NA,"Standard","2026-08-31T13:14:39+07:00",2025,1,"Lexus",2500
"947841326","DP 20JT TOYOTA SIENTA V AT MATUC AUTOMATIC 2018 SIAP PAKAI",1.45e+08,NA,"70.000-75.000",NA,NA,NA,NA,"Standard","2026-08-31T13:13:34+07:00",2018,8,"DP",72500
"947841312","BMW X1 2017 Bensin",2.45e+08,NA,"65.000-70.000",NA,NA,NA,NA,"Standard","2026-08-31T13:12:51+07:00",2017,9,"BMW",67500
"941996602","[LOW KM 90rb] Nissan Xtrail 2.5 T32 2016/2017",1.39e+08,NA,"85.000-90.000",NA,NA,NA,NA,"Standard","2026-08-31T13:12:49+07:00",2016,10,"[LOW",87500
"947841301","Low Km.7rb Lexus LX-600 Lx600 7seat F Sport 4x4 AT Hitam 2023/24",2.795e+09,NA,"5.000-10.000",NA,NA,NA,NA,"Standard","2026-08-31T13:12:36+07:00",2023,3,"Low",7500
"947841290","2013 Toyota Vellfire ZG Facelift Pilot seat CBU Antik TDP 78jt",2.33e+08,NA,"75.000-80.000",NA,NA,NA,NA,"Standard","2026-08-31T13:12:22+07:00",2013,13,"2013",77500
"947841271","Honda City 2019 Bensin",179900000,NA,"45.000-50.000",NA,NA,NA,NA,"Standard","2026-08-31T13:11:47+07:00",2019,7,"Honda",47500
"947841248","BMW M4 COMPETITION 2023 / LOW ODO / LIKE NEW / MINT CONDITION",2.475e+09,NA,"5.000-10.000",NA,NA,NA,NA,"Standard","2026-08-31T13:10:42+07:00",2023,3,"BMW",7500
"947841165","(ODO 20rb!) BMW X5 xDrive40i xLine G05 2020 GLE450 X3 GLS450 RX300",7.5e+08,NA,"20.000-25.000",NA,NA,NA,NA,"Standard","2026-08-31T13:07:22+07:00",2020,6,"(ODO",22500
"947841112","READY! HONDA CRV 1.5 TURBO CVT 2021",3e+08,NA,"95.000-100.000",NA,NA,NA,NA,"Standard","2026-08-31T13:05:47+07:00",2021,5,"READY!",97500
"947841107","Toyota Land Cruiser 2008 Bensin",6.5e+08,NA,"85.000-90.000",NA,NA,NA,NA,"Standard","2026-08-31T13:07:00+07:00",2008,18,"Toyota",87500
"947841102","(LOW KM!) BMW X5 xDrive40i xLine G05 2020 X3 GLE450 RX300 X6",7.5e+08,NA,"20.000-25.000",NA,NA,NA,NA,"Standard","2026-08-31T13:05:13+07:00",2020,6,"(LOW",22500
"947841096","Bmw 320i Luxury Cash 2015 Havana Brown Good Condition",2.15e+08,NA,"65.000-70.000",NA,NA,NA,NA,"Standard","2026-08-31T13:04:38+07:00",2015,11,"Bmw",67500
"947841048","BMW G30 530i Luxury CKD Sunroof NIK 2018 Bluestone Metallic On Cognac",3.95e+08,NA,"60.000-65.000",NA,NA,NA,NA,"Standard","2026-08-31T13:03:04+07:00",2018,8,"BMW",62500
"947795635","Suzuki Ertiga GX 1.4 Manual 2016 Hitam",1.27e+08,NA,"130.000-135.000",NA,NA,NA,NA,"Standard","2026-08-29T08:30:03+07:00",2016,10,"Suzuki",132500
"947765520","SUZUKI XL7 HYBRID BETA AT 2024 PUTIH ISTIMEWA TT 2025 XL 7",2.2e+08,NA,"25.000-30.000",NA,NA,NA,NA,"Standard","2026-08-30T08:55:54+07:00",2024,2,"SUZUKI",27500
"947549547","DP 15JT SAJA HYUNDAI STARGAZER PRIME CAPTAIN SEAT AT MATIC 2023 LOW KM",1.91e+08,NA,"25.000-30.000",NA,NA,NA,NA,"Standard","2026-08-18T13:50:14+07:00",2023,3,"DP",27500
"947841042","Kijang Innova 2.0 G at 2021 Silver Metalik",2.55e+08,NA,"115.000-120.000",NA,NA,NA,NA,"Standard","2026-08-31T13:02:49+07:00",2021,5,"Kijang",117500
"947841015","READY! MAZDA BIANTE 2.0 SKYACTIVE AT 2017",1.55e+08,NA,"75.000-80.000",NA,NA,NA,NA,"Standard","2026-08-31T13:03:18+07:00",2017,9,"READY!",77500
"947841012","‼️low km‼️Suzuki Xl7 Zeta AT Abu 2020 2021 2022",1.59e+08,NA,"35.000-40.000",NA,NA,NA,NA,"Standard","2026-08-31T13:02:05+07:00",2020,6,"‼️low",37500
"947840968","Mercedes Benz Sprinter A2 2013",4.95e+08,NA,"45.000-50.000",NA,NA,NA,NA,"Standard","2026-08-31T12:59:47+07:00",2013,13,"Mercedes",47500
"947840927","READY! MITSUBISHI PAJERO 2.5 DAKAR AT 2013",2.1e+08,NA,"155.000-160.000",NA,NA,NA,NA,"Standard","2026-08-31T12:58:15+07:00",2013,13,"READY!",157500
"947840915","2015 BMW X3 xdrive 2.0 Panoramic Sunroof AT Antik tdp 138jt",3.1e+08,NA,"35.000-40.000",NA,NA,NA,NA,"Standard","2026-08-31T12:57:36+07:00",2015,11,"2015",37500
"947840889","Wuling Cortez 1.5 T Lux CVT 2021 Sunroof Hitam",1.3e+08,NA,"65.000-70.000",NA,NA,NA,NA,"Standard","2026-08-31T12:56:34+07:00",2021,5,"Wuling",67500
"947840865","Daihatsu sigra D 1.0 manual 2021 putih",9e+07,NA,"65.000-70.000",NA,NA,NA,NA,"Standard","2026-08-31T12:55:48+07:00",2021,5,"Daihatsu",67500
"947840863","SUZUKI ERTIGA GL AT 2017",1.3e+08,NA,"35.000-40.000",NA,NA,NA,NA,"Standard","2026-08-31T12:55:40+07:00",2017,9,"SUZUKI",37500
"947043242","Mitsubishi Lancer 2008 Bensin",1.98e+08,NA,"65.000-70.000",NA,NA,NA,NA,"Standard","2026-08-31T12:53:03+07:00",2008,18,"Mitsubishi",67500
"947840792","[KM 23 RIBU] YARIS CROSS HYBRID 2024 GR SPORT",3.3e+08,NA,"20.000-25.000",NA,NA,NA,NA,"Standard","2026-08-31T12:52:19+07:00",2024,2,"[KM",22500
"947840788","READY • TOYOTA AVANZA 1.5 S AT 2010",9.9e+07,NA,"155.000-160.000",NA,NA,NA,NA,"Standard","2026-08-31T12:52:12+07:00",2010,16,"READY",157500
"947840786","Toyota Kijang Innova Zenix 2.0 G CVT 2023 Hitam Metalik DP 17 JUTA",3.1e+08,NA,"55.000-60.000",NA,NA,NA,NA,"Standard","2026-08-31T12:52:05+07:00",2023,3,"Toyota",57500
"947840772","KM17RB Mercedes Benz S400 S400L Exclusive 2015 Black On Brown",5.65e+08,NA,"15.000-20.000",NA,NA,NA,NA,"Standard","2026-08-31T12:51:28+07:00",2015,11,"KM17RB",17500
"947840766","Captiva 2.0 FL2 Diesel 2015 2016",1.25e+08,NA,"85.000-90.000",NA,NA,NA,NA,"Standard","2026-08-31T12:51:04+07:00",2015,11,"Captiva",87500
"947077478","[33rb KM] BYD Seal Premium 2024",4.25e+08,NA,"30.000-35.000",NA,NA,NA,NA,"Standard","2026-08-29T00:44:25+07:00",2024,2,"[33rb",32500
"947782403","[ AWD - KM 6RB ] Mazda CX5 CX 5 CX-5 Kuro Edition Sunroof 2024/2025",4.8e+08,NA,"5.000-10.000",NA,NA,NA,NA,"Standard","2026-08-28T15:06:53+07:00",2024,2,"[",7500
"947726992","Hyundai Creta Style Matic AT 2024 Full Ori",2.5e+08,NA,"15.000-20.000",NA,NA,NA,NA,"Standard","2026-08-26T09:35:54+07:00",2024,2,"Hyundai",17500
"947840754","VOLKSWAGEN SCIROCCO FACELIFT 2017 / LOW ODO / LIKE NEW /MINT CONDITION",3.2e+08,NA,"15.000-20.000",NA,NA,NA,NA,"Standard","2026-08-31T12:50:48+07:00",2017,9,"VOLKSWAGEN",17500
"947840752","READY! TOYOTA YARIS 1.5 HEYKERS AT 2017",1.5e+08,NA,"50.000-55.000",NA,NA,NA,NA,"Standard","2026-08-31T12:54:44+07:00",2017,9,"READY!",52500
"947840739","2017 BMW 530i Luxury Line G30 2.0 Sunroof Tdp104Jt",4.78e+08,NA,"15.000-20.000",NA,NA,NA,NA,"Standard","2026-08-31T12:49:32+07:00",2017,9,"2017",17500
"947840734","Honda CRV 2.0 AT 2016 Hitam DP 5 JUTA",1.62e+08,NA,"90.000-95.000",NA,NA,NA,NA,"Standard","2026-08-31T12:49:19+07:00",2016,10,"Honda",92500
"947840724","Toyota Lanc Cruiser vx 100 tahun 2001",5.3e+08,NA,"290.000-295.000",NA,NA,NA,NA,"Standard","2026-08-31T12:57:16+07:00",2001,25,"Toyota",292500
"947840705","Mercedes Benz Mercy C 200 C200  ( W205 ) Avantgarde 2017 nik 2016",3.1e+08,NA,"25.000-30.000",NA,NA,NA,NA,"Standard","2026-08-31T12:47:40+07:00",2017,9,"Mercedes",27500
"947840696","[BERGARANSI] Toyota Innova Zenix Q Hybrid 2.0 Modelista TSS 2025/2026",5.01e+08,NA,"15.000-20.000",NA,NA,NA,NA,"Standard","2026-08-31T12:47:13+07:00",2025,1,"[BERGARANSI]",17500
"947840689","Mazda Cx-30 CX30 2.0 GT Sunroof FL AT Abu 2023 km.34rb",3.34e+08,NA,"30.000-35.000",NA,NA,NA,NA,"Standard","2026-08-31T12:47:05+07:00",2023,3,"Mazda",32500
"947840685","[BERGARANSI] Toyota Innova Zenix Q Hybrid 2.0 Modelista TSS 2025/2026",5.01e+08,NA,"15.000-20.000",NA,NA,NA,NA,"Standard","2026-08-31T12:46:58+07:00",2025,1,"[BERGARANSI]",17500
"947840679","READY! TOYOTA AVANZA 1.5 VELOZ AT 2017",1.45e+08,NA,"125.000-130.000",NA,NA,NA,NA,"Standard","2026-08-31T12:46:31+07:00",2017,9,"READY!",127500
"947840666","2015 Mercedes Benz GL400 GL 400 3.0 AMG Sunroof Tdp 170jt",5.65e+08,NA,"25.000-30.000",NA,NA,NA,NA,"Standard","2026-08-31T12:45:51+07:00",2015,11,"2015",27500
"947840647","Toyota Kijang Innova 2.4 G Diesel AT 2020",2.95e+08,NA,"55.000-60.000",NA,NA,NA,NA,"Standard","2026-08-31T12:45:03+07:00",2020,6,"Toyota",57500
"947840630","Toyota Innova Zenix 2.0 Q Hybrid TSS Modelista 2022 Putih Metalik",4.3e+08,NA,"70.000-75.000",NA,NA,NA,NA,"Standard","2026-08-31T12:44:31+07:00",2022,4,"Toyota",72500
"947840629","SUZUKI XL7 BETA AT 2023",2.1e+08,NA,"40.000-45.000",NA,NA,NA,NA,"Standard","2026-08-31T12:44:25+07:00",2023,3,"SUZUKI",42500
"947675707","Toyota Land Cruiser 300 GR 2025/ 2026 KM 10rb ANTIK Toyota LC300",2.29e+09,NA,"5.000-10.000",NA,NA,NA,NA,"Standard","2026-08-23T21:21:14+07:00",2025,1,"Toyota",7500
"945930944","[ VIP 2+2 ] Lexus LM350 LM 350 Hybrid Executive 4 Seater 2025/2026",2.25e+09,NA,"5.000-10.000",NA,NA,NA,NA,"Standard","2026-08-25T14:02:31+07:00",2025,1,"[",7500
"947391174","[ LOW KM 26RB ] Mazda CX5 CX 5 CX-5 2.5 Kuro Edition Sunroof 2022/2023",3.85e+08,NA,"25.000-30.000",NA,NA,NA,NA,"Standard","2026-08-11T11:54:44+07:00",2022,4,"[",27500
"947450794","MINI COOPER S 2.0 TURBO 5 DOORS 2015 PANORAMIC SUNROOF LOW ODO !!",3.45e+08,NA,"25.000-30.000",NA,NA,NA,NA,"Standard","2026-08-13T15:25:32+07:00",2015,11,"MINI",27500
"947675679","Toyota Land Cruiser 300 GR 2025/ 2026 KM 10rb ANTIK Toyota LC300",2.29e+09,NA,"5.000-10.000",NA,NA,NA,NA,"Standard","2026-08-23T21:19:22+07:00",2025,1,"Toyota",7500
"947840592","[ KM LOW ] Hyundai Ioniq 5 Long Range Signature EV AT 2023/2024",4.39e+08,NA,"40.000-45.000",NA,NA,NA,NA,"Standard","2026-08-31T12:42:27+07:00",2023,3,"[",42500
"947840590","[ KM LOW ] Hyundai Ioniq 5 Long Range Signature EV AT 2023/2024",4.39e+08,NA,"40.000-45.000",NA,NA,NA,NA,"Standard","2026-08-31T12:42:23+07:00",2023,3,"[",42500
"947675627","Toyota Land Cruiser 300 GR 2025/ 2026 KM 10rb ANTIK Toyota LC300",2.29e+09,NA,"5.000-10.000",NA,NA,NA,NA,"Standard","2026-08-23T21:16:30+07:00",2025,1,"Toyota",7500
"947675616","Toyota Land Cruiser 300 GR 2025/ 2026 KM 10rb ANTIK Toyota LC300",2.29e+09,NA,"5.000-10.000",NA,NA,NA,NA,"Standard","2026-08-23T21:15:16+07:00",2025,1,"Toyota",7500
"947840571","Mitsubishi Lancer 1994 Bensin",2.8e+07,NA,"45.000-50.000",NA,NA,NA,NA,"Standard","2026-08-31T12:41:24+07:00",1994,32,"Mitsubishi",47500
"945489517","Ford Escape 2.3L Limited Nik 2012 Pemakaian 2013",1.35e+08,NA,"135.000-140.000",NA,NA,NA,NA,"Standard","2026-08-31T12:41:23+07:00",2012,14,"Ford",137500
"947840561","Suzuki SX4 2010 Bensin",9.7e+07,NA,"155.000-160.000",NA,NA,NA,NA,"Standard","2026-08-31T12:48:36+07:00",2010,16,"Suzuki",157500
"947840479","Honda CR-V 2019 Bensin",3.1e+08,NA,"45.000-50.000",NA,NA,NA,NA,"Standard","2026-08-31T12:38:09+07:00",2019,7,"Honda",47500
"947840462","[BERGARANSI] Toyota Innova Zenix Q Hybrid 2.0 Modelista TSS 2025/2026",5.01e+08,NA,"15.000-20.000",NA,NA,NA,NA,"Standard","2026-08-31T12:37:31+07:00",2025,1,"[BERGARANSI]",17500
"947840460","Toyota Corolla Altis 2023 Bensin",3.25e+08,NA,"15.000-20.000",NA,NA,NA,NA,"Standard","2026-08-31T12:44:20+07:00",2023,3,"Toyota",17500
"947840454","TOYOTA COROLLA CROSS HYBRID 2021",2.9e+08,NA,"50.000-55.000",NA,NA,NA,NA,"Standard","2026-08-31T12:37:17+07:00",2021,5,"TOYOTA",52500
"947840447","[BERGARANSI] Toyota Innova Zenix Q Hybrid 2.0 Modelista TSS 2025/2026",5.01e+08,NA,"15.000-20.000",NA,NA,NA,NA,"Standard","2026-08-31T12:37:05+07:00",2025,1,"[BERGARANSI]",17500
"947840427","Honda CRV 2.4 Prestige AT 2015 Silver",1.65e+08,NA,"170.000-175.000",NA,NA,NA,NA,"Standard","2026-08-31T12:36:18+07:00",2015,11,"Honda",172500
"947281400","Chery Omoda 5 RZ 2023 2024",2.3e+08,NA,"5.000-10.000",NA,NA,NA,NA,"Standard","2026-08-06T12:49:36+07:00",2023,3,"Chery",7500
"947840386","Kijang inova 2005",1e+08,NA,"145.000-150.000",NA,NA,NA,NA,"Standard","2026-08-31T12:33:39+07:00",2005,21,"Kijang",147500
"947786885","BMW X3 M Sport 2023/ 2024 KM 19rb ANTIK",8.25e+08,NA,"15.000-20.000",NA,NA,NA,NA,"Standard","2026-08-28T18:07:33+07:00",2023,3,"BMW",17500
"936416230","TDP 75.JT| PAJERO DAKAR 2.4 AT 2022 HITAM SUPER SEGER ISTIMEWA !!",4.28e+08,NA,"65.000-70.000",NA,NA,NA,NA,"Standard","2026-08-23T00:52:34+07:00",2022,4,"TDP",67500
"946706124","Jual cepat Toyota Alphard km 10 ribu 2021 Bensin",7.7e+08,NA,"5.000-10.000",NA,NA,NA,NA,"Standard","2026-08-26T15:17:19+07:00",2021,5,"Jual",7500
"947537887","DP10% [Km8.000] E200 Exclusive 2024 Black Reg 2026 #AUTOHIGH",1.1e+09,NA,"0-5.000",NA,NA,NA,NA,"Standard","2026-08-23T00:17:03+07:00",2024,2,"DP10%",2500
"947840375","KM32RB BMW X3 sDrive20i G01 LCi Panoramic Roof NIK 2021 Gray On Black",4.95e+08,NA,"30.000-35.000",NA,NA,NA,NA,"Standard","2026-08-31T12:33:04+07:00",2021,5,"KM32RB",32500
"947840361","juke rx 2012 automatic",1.04e+08,NA,"140.000-145.000",NA,NA,NA,NA,"Standard","2026-08-31T12:32:23+07:00",2012,14,"juke",142500
"947840334","2012 RANGE ROVER EVOQUE 2.0 SI4 Dynamic Luxury SUV Panoramic tdp 180jt",3.55e+08,NA,"40.000-45.000",NA,NA,NA,NA,"Standard","2026-08-31T12:30:53+07:00",2012,14,"2012",42500
"947840293","Xl7 Alpha Hybrid Twotone 2024",2.4e+08,NA,"20.000-25.000",NA,NA,NA,NA,"Standard","2026-08-31T12:29:30+07:00",2024,2,"Xl7",22500
"947840287","[ BERGARANSI ] BYD Sealion 7 Premium RWD AT 2025/2026",5.35e+08,NA,"15.000-20.000",NA,NA,NA,NA,"Standard","2026-08-31T12:29:13+07:00",2025,1,"[",17500
"947840281","[ BERGARANSI ] BYD Sealion 7 Premium RWD AT 2025/2026",5.35e+08,NA,"15.000-20.000",NA,NA,NA,NA,"Standard","2026-08-31T12:29:04+07:00",2025,1,"[",17500
"947840229","Range Rover Sport 2006 4.2 SC (#vogue #2007 #2008 #2009 #2004)",2.85e+08,NA,"50.000-55.000",NA,NA,NA,NA,"Standard","2026-08-31T12:26:52+07:00",2006,20,"Range",52500
"947105966","MINI COOPER S JCW 2014 Yellow Kuning R58 2013 TE37 2015 Union Jack",4.1e+08,NA,"55.000-60.000",NA,NA,NA,NA,"Standard","2026-08-31T12:25:00+07:00",2014,12,"MINI",57500
"947106147","MINI COOPER S 5 Doors 2015 Blue Biru BU 2014 JCW Armytrix 2016",4.1e+08,NA,"70.000-75.000",NA,NA,NA,NA,"Standard","2026-08-31T12:24:50+07:00",2015,11,"MINI",72500
"947106677","TOYOTA FT86 TRD 2013 Black Hitam BU 2012 Facelift CE28 2014",5.15e+08,NA,"40.000-45.000",NA,NA,NA,NA,"Standard","2026-08-31T12:24:36+07:00",2013,13,"TOYOTA",42500
"947840126","BMW 320i G20 2022",4.75e+08,NA,"30.000-35.000",NA,NA,NA,NA,"Standard","2026-08-31T12:22:20+07:00",2022,4,"BMW",32500
"947726236","Mitsubishi Xpander 2021 Bensin",197500000,NA,"65.000-70.000",NA,NA,NA,NA,"Standard","2026-08-31T12:23:39+07:00",2021,5,"Mitsubishi",67500
"947840057","Honda Mobilio E Cvt AT 2020 Hitam Matic",1.55e+08,NA,"95.000-100.000",NA,NA,NA,NA,"Standard","2026-08-31T12:19:45+07:00",2020,6,"Honda",97500
"947840056","Honda BR-V 2016 Bensin",1.29e+08,NA,"135.000-140.000",NA,NA,NA,NA,"Standard","2026-08-31T12:19:44+07:00",2016,10,"Honda",137500
"947770054","(TDP 30JT) LOW KM 7 RB ! (ANTIK) WULING BINGUO EV LITE 2025 COKLAT !",1.82e+08,NA,"5.000-10.000",NA,NA,NA,NA,"Standard","2026-08-28T00:39:53+07:00",2025,1,"(TDP",7500
"947619216","DP 24jt Camry V AT matic 2017 new toyota 2.5 hitam bs TT",1.92e+08,NA,"95.000-100.000",NA,NA,NA,NA,"Standard","2026-08-21T12:03:48+07:00",2017,9,"DP",97500
"947342422","Toyota GRANACE 2.8 Turbo Diesel TSS Pilot Seat 8 Seater 2023 Like New",1.25e+09,NA,"5.000-10.000",NA,NA,NA,NA,"Standard","2026-08-09T00:29:20+07:00",2023,3,"Toyota",7500
"947194691","Porsche Panamera 3.0 S PDK FullSpec Sport Chrono Sport 2015",8.75e+08,NA,"10.000-15.000",NA,NA,NA,NA,"Standard","2026-08-03T09:45:17+07:00",2015,11,"Porsche",12500
"947840048","2013 Mercedes Benz CLS350 Amg CBU Antik TDP 219 jt",3.98e+08,NA,"25.000-30.000",NA,NA,NA,NA,"Standard","2026-08-31T12:19:33+07:00",2013,13,"2013",27500
"947839990","NISSAN SERENA AT 2017",1.5e+08,NA,"95.000-100.000",NA,NA,NA,NA,"Standard","2026-08-31T12:31:59+07:00",2017,9,"NISSAN",97500
"947839958","Toyota Corolla Cross Hybrid 2020 – 60rb KM Full Record Toyota",2.99e+08,NA,"55.000-60.000",NA,NA,NA,NA,"Standard","2026-08-31T12:16:56+07:00",2020,6,"Toyota",57500
"947839908","BU Corolla Cross Hybrid 2020 – Full Service Toyota, Hybrid Sehat",2.99e+08,NA,"55.000-60.000",NA,NA,NA,NA,"Standard","2026-08-31T12:15:47+07:00",2020,6,"BU",57500
"947839889","Honda CRV 2.4 Prestige AT 2015/2016 FULL RECORD! | CX 5 Xtrail",1.65e+08,NA,"170.000-175.000",NA,NA,NA,NA,"Standard","2026-08-31T12:15:15+07:00",2015,11,"Honda",172500
"947839884","Toyota Corolla Cross Hybrid 2020 – 60rb KM, Siap Pakai, Rp299jt",2.99e+08,NA,"55.000-60.000",NA,NA,NA,NA,"Standard","2026-08-31T12:15:06+07:00",2020,6,"Toyota",57500
"944919306","DP10% [Km11.000] GLE450 AMG 2023 Black /GLE 450 Reg 2024 #AUTOHIGH",1.475e+09,NA,"5.000-10.000",NA,NA,NA,NA,"Standard","2026-08-31T12:14:15+07:00",2023,3,"DP10%",7500
"947839842","Corolla Cross Hybrid 2020 – Original, Terawat, Hybrid Sehat",2990000,NA,"55.000-60.000",NA,NA,NA,NA,"Standard","2026-08-31T12:13:57+07:00",2020,6,"Corolla",57500
"947839829","Honda HRV 1.5 E CVT 2018",1.82e+08,NA,"85.000-90.000",NA,NA,NA,NA,"Standard","2026-08-31T12:13:45+07:00",2018,8,"Honda",87500
"947319285","DP10% [Km7.000] C200 Avantgarde 2024 White Reg 2025 #AUTOHIGH",7.45e+08,NA,"0-5.000",NA,NA,NA,NA,"Standard","2026-08-26T16:36:10+07:00",2024,2,"DP10%",2500
"947839822","‼️km low dp5‼️Honda HRV E CVT AT Abu 2017 2016 2015",1.67e+08,NA,"45.000-50.000",NA,NA,NA,NA,"Standard","2026-08-31T12:13:36+07:00",2017,9,"‼️km",47500
"947839812","Corolla Cross Hybrid 2020 60rb KM – Surat Lengkap, Service Toyota",2.99e+08,NA,"55.000-60.000",NA,NA,NA,NA,"Standard","2026-08-31T12:13:31+07:00",2020,6,"Corolla",57500
"945230991","Kijang Innova 2011 2.0 E Bensin AT",1.25e+08,NA,"150.000-155.000",NA,NA,NA,NA,"Standard","2026-08-31T12:12:35+07:00",2011,15,"Kijang",152500
"947839784","Corolla Cross Hybrid 2020 – Irit 23 KM/L, 60rb KM, Rp299jt",2.99e+08,NA,"55.000-60.000",NA,NA,NA,NA,"Standard","2026-08-31T12:13:32+07:00",2020,6,"Corolla",57500
"946563140","DP10% [Km6.000] 330i M-Sport Pro 2025 Black Reg 2026 #AUTOHIGH",9.45e+08,NA,"0-5.000",NA,NA,NA,NA,"Standard","2026-08-06T12:18:34+07:00",2025,1,"DP10%",2500
"947839774","Super Low Odo Mercedes Benz C300 2018 AMG",4.75e+08,NA,"5.000-10.000",NA,NA,NA,NA,"Standard","2026-08-31T12:12:10+07:00",2018,8,"Super",7500
"947681598","[ GARANSI 5TH ] Wuling Almaz RS Pro Hybrid 2.0 AT Abu 2023/2024",2.65e+08,NA,"25.000-30.000",NA,NA,NA,NA,"Standard","2026-08-28T21:07:17+07:00",2023,3,"[",27500
"947246790","[ GARANSI 5TH ] Hyundai Palisade Signature 2.2 Panoramic AT 2023/2024",6.5e+08,NA,"45.000-50.000",NA,NA,NA,NA,"Standard","2026-08-05T10:47:19+07:00",2023,3,"[",47500
"947474465","[ GARANSI 5TH ] Toyota Vellfire 2.5 G ATPM Pilot Seat AT 2019/2020",5.3e+08,NA,"90.000-95.000",NA,NA,NA,NA,"Standard","2026-08-14T15:10:33+07:00",2019,7,"[",92500
"946126346","Mercedes Benz GLC300 Coupe AT 2024 Putih Mercy Km5rb B8NAV",1.775e+09,NA,"0-5.000",NA,NA,NA,NA,"Standard","2026-08-24T16:07:58+07:00",2024,2,"Mercedes",2500
"947700676","DP10% [Km18.000] C200 AMG 2018 White Reg 2017 #AUTOHIGH",3.85e+08,NA,"5.000-10.000",NA,NA,NA,NA,"Standard","2026-08-24T23:43:13+07:00",2018,8,"DP10%",7500
"947839769","Toyota Corolla Cross Hybrid 2020 60rb KM – Ban Baru 4pcs",2.99e+08,NA,"55.000-60.000",NA,NA,NA,NA,"Standard","2026-08-31T12:11:50+07:00",2020,6,"Toyota",57500
"947839768","Toyota Avanza E AT 2014 Matic Hitam",1e+08,NA,"135.000-140.000",NA,NA,NA,NA,"Standard","2026-08-31T12:11:44+07:00",2014,12,"Toyota",137500
"944504888","DP10% [Km8.000] 520i M-Sport 2023 Black Reg 2024 #AUTOHIGH",7.75e+08,NA,"0-5.000",NA,NA,NA,NA,"Standard","2026-08-15T10:45:28+07:00",2023,3,"DP10%",2500
"947839748","Corolla Cross Hybrid 2020 Sunroof Leather – Full Record Toyota",2.99e+08,NA,"55.000-60.000",NA,NA,NA,NA,"Standard","2026-08-31T12:11:08+07:00",2020,6,"Corolla",57500
"947839719","GARANSI MESIN & TRANSMISI 1TH HYUNDAI H1 ROYALE DIESEL 2018 AT KM.43RB",2.9e+08,NA,"40.000-45.000",NA,NA,NA,NA,"Standard","2026-08-31T12:10:08+07:00",2018,8,"GARANSI",42500
"947839717","NEW XPANDER ULTIMATE AT 2022 PUTIH FULLSET LOW KM ISTIMEWA",2.35e+08,NA,"65.000-70.000",NA,NA,NA,NA,"Standard","2026-08-31T12:10:03+07:00",2022,4,"NEW",67500
"947839711","‼️dp5jt km low‼️Honda HRV E CVT AT Abu 2017 2016 2015",1.67e+08,NA,"45.000-50.000",NA,NA,NA,NA,"Standard","2026-08-31T12:10:09+07:00",2017,9,"‼️dp5jt",47500
"947839688","Corolla Cross Hybrid 2020 – 60.000 KM, Full Service Record, Rp299 Juta",2.99e+08,NA,"55.000-60.000",NA,NA,NA,NA,"Standard","2026-08-31T12:08:48+07:00",2020,6,"Corolla",57500
"947839673","Low KM MG 5 GT Ignite 2024",2.15e+08,NA,"15.000-20.000",NA,NA,NA,NA,"Standard","2026-08-31T12:08:20+07:00",2024,2,"Low",17500
"947106310","MERCEDES BENZ SLK250 AMG 2012 White Putih 2011 Mercy CBU 2013 AMG Pack",6.15e+08,NA,"45.000-50.000",NA,NA,NA,NA,"Standard","2026-08-31T12:08:08+07:00",2012,14,"MERCEDES",47500
"947839660","Corolla Cross Hybrid 2020 60rb KM – Hybrid Sehat Full Service Toyota",2.99e+08,NA,"55.000-60.000",NA,NA,NA,NA,"Standard","2026-08-31T12:07:38+07:00",2020,6,"Corolla",57500
"947839642","Corolla Cross Hybrid 2020 – Full Service Toyota, 60 Ribu KM",2.99e+08,NA,"55.000-60.000",NA,NA,NA,NA,"Standard","2026-08-31T12:06:48+07:00",2020,6,"Corolla",57500
"947839629","Mitsubishi Destinator Ultimate 1.5L Turbo CVT NIK 2025 Akhir Lunar Blu",4.15e+08,NA,"15.000-20.000",NA,NA,NA,NA,"Standard","2026-08-31T12:06:26+07:00",2025,1,"Mitsubishi",17500
"947280443","[Termurah] Chery Tiggo Cross Premium 2025 2026",2.1e+08,NA,"5.000-10.000",NA,NA,NA,NA,"Standard","2026-08-06T13:10:58+07:00",2025,1,"[Termurah]",7500
"947783212","[KM 46rb RECORD] Toyota Kijang Innova Zenix V 2.0 Hybrid AT 2023",4.2e+08,NA,"45.000-50.000",NA,NA,NA,NA,"Standard","2026-08-28T15:28:45+07:00",2023,3,"[KM",47500
"947326139","Mazda CX9 GT 2010 Automatic Hitam",1.19e+08,NA,"135.000-140.000",NA,NA,NA,NA,"Standard","2026-08-08T10:55:27+07:00",2010,16,"Mazda",137500
"947650120","KM45RB Jeep Wrangler Rubicon 3.0L V6 NIK 2015 Facelift Black On Black",9.95e+08,NA,"40.000-45.000",NA,NA,NA,NA,"Standard","2026-08-22T15:47:05+07:00",2015,11,"KM45RB",42500
"945271752","DP10% [Km6.000] X5 M-Sport 2024 White Reg 2023 #AUTOHIGH",1.425e+09,NA,"0-5.000",NA,NA,NA,NA,"Standard","2026-08-14T10:46:36+07:00",2024,2,"DP10%",2500
"946379582","Nissan Serena 2.0 X AT 2014 AT Merah C26 kilometer 150 rb",1.03e+08,NA,"145.000-150.000",NA,NA,NA,NA,"Standard","2026-08-31T12:05:59+07:00",2014,12,"Nissan",147500
"947839516","Honda HRV 1.5 SE E Plus HR-V Special Edition AT Matic 2021 Hitam",2.19e+08,NA,"50.000-55.000",NA,NA,NA,NA,"Standard","2026-08-31T12:04:15+07:00",2021,5,"Honda",52500
"947839506","Alphard G 2022 Atpm",6.9e+08,NA,"35.000-40.000",NA,NA,NA,NA,"Standard","2026-08-31T12:03:59+07:00",2022,4,"Alphard",37500
"947839456","HONDA NEW BRV E PRESTIGE 1.5 AT 2020(KM40RB)RECORD/PJK9-27/DP10JT/NOPR",1.48e+08,NA,"35.000-40.000",NA,NA,NA,NA,"Standard","2026-08-31T12:02:03+07:00",2020,6,"HONDA",37500
"947839412","Nissan Xtrail 2.5 CBU Panoramic 2021 Putih",2.75e+08,NA,"95.000-100.000",NA,NA,NA,NA,"Standard","2026-08-31T12:00:18+07:00",2021,5,"Nissan",97500
"946584766","Mercedes Benz S450 2024 Hitam S450L AT Mercy Km12rb Nik 2023 B20JHA",1.695e+09,NA,"10.000-15.000",NA,NA,NA,NA,"Standard","2026-08-26T11:57:08+07:00",2024,2,"Mercedes",12500
"947839403","Mercedes Benz C200 2017 AT Avangarde",3.05e+08,NA,"25.000-30.000",NA,NA,NA,NA,"Standard","2026-08-31T12:00:02+07:00",2017,9,"Mercedes",27500
"947839375","Mercy C300 2.0 AMG Line Facelift AT Thn 2019",4.77e+08,NA,"30.000-35.000",NA,NA,NA,NA,"Standard","2026-08-31T11:59:06+07:00",2019,7,"Mercy",32500
"947839292","Fortuner TRD 2020 Facelift to GR Legender 2025",3.49e+08,NA,"105.000-110.000",NA,NA,NA,NA,"Standard","2026-08-31T11:56:10+07:00",2020,6,"Fortuner",107500
"947839246","KM8RB Toyota Innova Zenix 2.0 Q Hybrid TSS NIK 2025",5.2e+08,NA,"5.000-10.000",NA,NA,NA,NA,"Standard","2026-08-31T11:54:07+07:00",2025,1,"KM8RB",7500
"947839241","Toyota Avanza Veloz 1.5  a/t 2014 apik dan terawat",1.23e+08,NA,"125.000-130.000",NA,NA,NA,NA,"Standard","2026-08-31T11:59:56+07:00",2014,12,"Toyota",127500
"947839234","Low Odo BMW X1 Sdrive Sport LCI 2021",3.45e+08,NA,"30.000-35.000",NA,NA,NA,NA,"Standard","2026-08-31T11:53:27+07:00",2021,5,"Low",32500
"947839217","Ford Lynx RS 2.0 2004",9.5e+07,NA,"155.000-160.000",NA,NA,NA,NA,"Standard","2026-08-31T11:52:46+07:00",2004,22,"Ford",157500
"947839209","Avanza G AT 2020 Silver",1.4e+08,NA,"165.000-170.000",NA,NA,NA,NA,"Standard","2026-08-31T11:54:11+07:00",2020,6,"Avanza",167500
"947200767","[ LOW KM 11RB ] Mercedes Benz Mercy S500 S 500 AMG W223 2023/2024",1.73e+09,NA,"10.000-15.000",NA,NA,NA,NA,"Standard","2026-08-19T16:54:08+07:00",2023,3,"[",12500
"943479413","Grand Vitara AT Hybrid 2024",2.8e+08,NA,"30.000-35.000",NA,NA,NA,NA,"Standard","2026-08-30T19:07:39+07:00",2024,2,"Grand",32500
"947334407","[ KM LOW ] Toyota Innova Zenix Q Hybrid 2.0 Modelista TSS 2023/2024",4.65e+08,NA,"20.000-25.000",NA,NA,NA,NA,"Standard","2026-08-08T15:47:51+07:00",2023,3,"[",22500
"947762792","KM25RB All New Suzuki Grand Vitara Hybrid 1.5 GX AT Black 2023",2.9e+08,NA,"20.000-25.000",NA,NA,NA,NA,"Standard","2026-08-27T17:17:09+07:00",2023,3,"KM25RB",22500
"947839190","Toyota Hiace 2.8 Premio 14 Seater Beige On Gray NIK 2021 Akhir Tgn 1 D",4.85e+08,NA,"90.000-95.000",NA,NA,NA,NA,"Standard","2026-08-31T11:51:40+07:00",2021,5,"Toyota",92500
"947280141","[LOW KM] MG HS i-Smart 2021 2022",1.85e+08,NA,"35.000-40.000",NA,NA,NA,NA,"Standard","2026-08-06T13:11:49+07:00",2021,5,"[LOW",37500
"947279924","[Termurah] Chery Tiggo 8 Premium 2025",2.9e+08,NA,"5.000-10.000",NA,NA,NA,NA,"Standard","2026-08-06T12:15:42+07:00",2025,1,"[Termurah]",7500
"947839166","[ GARANSI 5TH ] Honda CRV CR-V CR V 2.0 CVT CKD AT Hitam 2023 2024",2.99e+08,NA,"45.000-50.000",NA,NA,NA,NA,"Standard","2026-08-31T11:50:21+07:00",2023,3,"[",47500
"947839165","Low KM Cherry Omoda RZ 2023",2.19e+08,NA,"35.000-40.000",NA,NA,NA,NA,"Standard","2026-08-31T11:50:20+07:00",2023,3,"Low",37500
"947132436","NIK 2015 Toyota Alphard G 2.5 Pearl White on Beige",4.5e+08,NA,"60.000-65.000",NA,NA,NA,NA,"Standard","2026-08-31T11:50:07+07:00",2015,11,"NIK",62500
"947132282","NIK 2014 Volkswagen Scirocco 1.4 TSI Dark Grey Metallic on Black",3.45e+08,NA,"20.000-25.000",NA,NA,NA,NA,"Standard","2026-08-31T11:49:59+07:00",2014,12,"NIK",22500
"947839153","[ GARANSI 5TH ] Honda CRV CR-V CR V 2.0 CVT CKD AT Hitam 2023 2024",2.99e+08,NA,"45.000-50.000",NA,NA,NA,NA,"Standard","2026-08-31T11:49:43+07:00",2023,3,"[",47500
"947839150","Honda Brio 1.2 RS CVT 2018",1.35e+08,NA,"45.000-50.000",NA,NA,NA,NA,"Standard","2026-08-31T11:51:26+07:00",2018,8,"Honda",47500
"947839111","Toyota Kijang Innova 2023 Hybrid",3.6e+08,NA,"40.000-45.000",NA,NA,NA,NA,"Standard","2026-08-31T11:52:42+07:00",2023,3,"Toyota",42500
"947839109","KM16RB Mercedes Benz CLA200 AMG Line Panoramic Sunroof NIK 2023 Denim",7.15e+08,NA,"15.000-20.000",NA,NA,NA,NA,"Standard","2026-08-31T11:48:10+07:00",2023,3,"KM16RB",17500
"947839097","(Km 7500 perak) BYD SEALION PREMIUM 2025 pakai 2026",5.2e+08,NA,"5.000-10.000",NA,NA,NA,NA,"Standard","2026-08-31T11:47:13+07:00",2025,1,"(Km",7500
"947839093","Honda CR-V 2.4 2011",1.1e+08,NA,"120.000-125.000",NA,NA,NA,NA,"Standard","2026-08-31T12:01:43+07:00",2011,15,"Honda",122500
"947839076","KM17RB Mercedes Benz S400 S400L Exclusive 2015 Black On Brown",5.65e+08,NA,"15.000-20.000",NA,NA,NA,NA,"Standard","2026-08-31T11:46:21+07:00",2015,11,"KM17RB",17500
"947827571","BYD Atto 1 2025 Listrik",1.89e+08,NA,"15.000-20.000",NA,NA,NA,NA,"Standard","2026-08-31T11:25:43+07:00",2025,1,"BYD",17500
"947401384","[ 4x4 ] GWM Tank 300 AWD HEV Hybrid AT 2024/2025",5.6e+08,NA,"20.000-25.000",NA,NA,NA,NA,"Standard","2026-08-11T16:29:59+07:00",2024,2,"[",22500
"946168447","[ LOW KM ] Mercedes Benz Mercy E200 E 200 Avantgarde W213 2022/2023",5.85e+08,NA,"30.000-35.000",NA,NA,NA,NA,"Standard","2026-08-25T17:37:22+07:00",2022,4,"[",32500
"947715897","[ BERGARANSI ] Toyota Zenix V Hybrid 2.0 Modelista RSE AT 2024/2025",4.15e+08,NA,"40.000-45.000",NA,NA,NA,NA,"Standard","2026-08-25T16:33:55+07:00",2024,2,"[",42500
"945347029","DP10% [Km28.000] E300 Avantgarde 2016 White / AMG Reg 2017 #AUTOHIGH",4.25e+08,NA,"15.000-20.000",NA,NA,NA,NA,"Standard","2026-08-26T16:42:25+07:00",2016,10,"DP10%",17500
"947839047","DP 25JT CAMRY V 2.5 AT MATIC AUTOMATIC 2015 PUTIH SIAP PAKAI",1.68e+08,NA,"110.000-115.000",NA,NA,NA,NA,"Standard","2026-08-31T11:45:01+07:00",2015,11,"DP",112500
"947839029","KM46RB Mercedes Benz SLK200 CGI CBU Cabriolet Black On Beige NIK 2013",4.85e+08,NA,"45.000-50.000",NA,NA,NA,NA,"Standard","2026-08-31T11:44:35+07:00",2013,13,"KM46RB",47500
"947839026","(ALMOST NEW!) BMW M4 Coupe F82 2014 3rb km M3 Cayman 435i M5",1.25e+09,NA,"0-5.000",NA,NA,NA,NA,"Standard","2026-08-31T11:44:28+07:00",2014,12,"(ALMOST",2500
"947839021","Low Odo ! Mercedes Benz EQS 450+ 2024",1.955e+09,NA,"0-5.000",NA,NA,NA,NA,"Standard","2026-08-31T11:44:13+07:00",2024,2,"Low",2500
"940486174","Honda Mobilio 2014 Bensin",1.29e+08,NA,"85.000-90.000",NA,NA,NA,NA,"Standard","2026-08-31T11:43:40+07:00",2014,12,"Honda",87500
"947838951","(Cash Km 40rb) Toyota Raize Turbo G 1.0 2021",1.73e+08,NA,"35.000-40.000",NA,NA,NA,NA,"Standard","2026-08-31T11:42:26+07:00",2021,5,"(Cash",37500
"940487483","Toyota Calya 2017 Bensin",1.05e+08,NA,"85.000-90.000",NA,NA,NA,NA,"Standard","2026-08-31T11:42:13+07:00",2017,9,"Toyota",87500
"944608502","Mazda 2 GT 2015",1.45e+08,NA,"90.000-95.000",NA,NA,NA,NA,"Standard","2026-08-31T11:41:16+07:00",2015,11,"Mazda",92500
"947033525","Toyota Alphard 2.5 G AT Facelift 2020",7.3e+08,NA,"55.000-60.000",NA,NA,NA,NA,"Standard","2026-08-29T14:27:06+07:00",2020,6,"Toyota",57500
"947838910","(FASTEST SUV!) BMW X4 M Competition 2021 NIK 2020 X3 M Macan M3 M4",1.4e+09,NA,"10.000-15.000",NA,NA,NA,NA,"Standard","2026-08-31T11:40:22+07:00",2021,5,"(FASTEST",12500
"947838908","Honda All New City RS Hatchback HB CVT AT Pemk 2023 Grey On Black Tgn",2e+08,NA,"65.000-70.000",NA,NA,NA,NA,"Standard","2026-08-31T11:40:21+07:00",2023,3,"Honda",67500
"947082832","Hyundai Creta Prime AT
Th 2023",2.55e+08,NA,"30.000-35.000",NA,NA,NA,NA,"Standard","2026-08-31T11:39:54+07:00",2023,3,"Hyundai",32500
"947047647","Toyota Alphard 2.5 G AT Facelift 2020",7.3e+08,NA,"50.000-55.000",NA,NA,NA,NA,"Standard","2026-08-29T14:27:51+07:00",2020,6,"Toyota",52500
"947838885","Kijang Innova 2013",1.85e+08,NA,"195.000-200.000",NA,NA,NA,NA,"Standard","2026-08-31T11:48:42+07:00",2013,13,"Kijang",197500
"947663971","Honda HR-V Prestige 2015 Putih Mutiara – Low KM, Siap Pakai",2.1e+08,NA,"95.000-100.000",NA,NA,NA,NA,"Standard","2026-08-23T11:05:50+07:00",2015,11,"Honda",97500
"947760637","Suzuki XL7 Beta Hybrid AT th 2023 #istana jaya motor",2.1e+08,NA,"40.000-45.000",NA,NA,NA,NA,"Standard","2026-08-31T12:13:16+07:00",2023,3,"Suzuki",42500
"947474732","[Antik] Brio E 2022 Up RS Automatic Siap Pakai Jaminan Istimewa",1.35e+08,NA,"80.000-85.000",NA,NA,NA,NA,"Standard","2026-08-19T15:28:37+07:00",2022,4,"[Antik]",82500
"947775977","(KM30000)SUZUKI XL7 ALPHA AT 2022 NIK 2021 ISTIMEWA KM RENDAH!!",1.75e+08,NA,"30.000-35.000",NA,NA,NA,NA,"Standard","2026-08-31T09:42:54+07:00",2022,4,"(KM30000)SUZUKI",32500
"947690386","[ LOW KM ] Mercedes Benz Mercy E200 E 200 Avantgarde W213 2022/2023",5.85e+08,NA,"30.000-35.000",NA,NA,NA,NA,"Standard","2026-08-25T22:53:35+07:00",2022,4,"[",32500
"947838820","Hyundai Stargazer Prime IVT 2022 Putih",1.8e+08,NA,"40.000-45.000",NA,NA,NA,NA,"Standard","2026-08-31T11:37:38+07:00",2022,4,"Hyundai",42500
"947838793","[ON SALE- KM 12RB- MOBIL BARU HARGA SECOND!!] HRV SE CVT 2025 PLATINUM",3.3e+08,NA,"5.000-10.000",NA,NA,NA,NA,"Standard","2026-08-31T11:36:49+07:00",2025,1,"[ON",7500
"947279777","Chery Tiggo 8 Premium 2024 2025",2.8e+08,NA,"5.000-10.000",NA,NA,NA,NA,"Standard","2026-08-06T12:14:19+07:00",2024,2,"Chery",7500
"947838746","Daihatsu Terios X Deluxe MT 2020 Putih Manual",1.77e+08,NA,"65.000-70.000",NA,NA,NA,NA,"Standard","2026-08-31T12:25:26+07:00",2020,6,"Daihatsu",67500
"947838744","Unit Langka! BMW M3 Touring Competition 2024",2.355e+09,NA,"0-5.000",NA,NA,NA,NA,"Standard","2026-08-31T11:34:47+07:00",2024,2,"Unit",2500
"947838743","All New Xenia Kinclong 1.0 MT 2013",9.3e+07,NA,"185.000-190.000",NA,NA,NA,NA,"Standard","2026-08-31T11:34:40+07:00",2013,13,"All",187500
"947136279","Accord VTI-L 2,4 At
Thn 2016",2.15e+08,NA,"75.000-80.000",NA,NA,NA,NA,"Standard","2026-08-31T11:34:16+07:00",2016,10,"Accord",77500
"947838732","[ LOW KM 4RB ] Mazda 3 Mazda3 Hatchback HB 2.0 Sunroof BOSE 2025 2026",4.67e+08,NA,"0-5.000",NA,NA,NA,NA,"Standard","2026-08-31T11:34:11+07:00",2025,1,"[",2500
"947838728","[ LOW KM 4RB ] Mazda 3 Mazda3 Hatchback HB 2.0 Sunroof BOSE 2025 2026",4.67e+08,NA,"0-5.000",NA,NA,NA,NA,"Standard","2026-08-31T11:34:06+07:00",2025,1,"[",2500
"947838673","(ODO 25rb!) Mercy CLA200 AMG Sport 2015 NIK 2014 GLA200 C250 320i",2.85e+08,NA,"25.000-30.000",NA,NA,NA,NA,"Standard","2026-08-31T11:31:43+07:00",2015,11,"(ODO",27500
"947838669","Hyundai Stargazer Trend IVT 2023/2024 LOW KM! | Veloz Brv Xpander",1.67e+08,NA,"50.000-55.000",NA,NA,NA,NA,"Standard","2026-08-31T11:31:32+07:00",2023,3,"Hyundai",52500
"947838652","Mercedes Benz W207 E250 Cabrio Cabriolet Convertible 2011 Black On Bro",5.15e+08,NA,"55.000-60.000",NA,NA,NA,NA,"Standard","2026-08-31T11:30:41+07:00",2011,15,"Mercedes",57500
"947838616","Mercy ML250 2016/15 Hitam Last Edition",2.39e+08,NA,"45.000-50.000",NA,NA,NA,NA,"Standard","2026-08-31T13:12:02+07:00",2016,10,"Mercy",47500
"947838612","(LOW ODO!) Mercedes-Benz CLA200 AMG Sport 2015 NIK 2014 A200 C200 320i",2.85e+08,NA,"25.000-30.000",NA,NA,NA,NA,"Standard","2026-08-31T11:28:52+07:00",2015,11,"(LOW",27500
"936857753","Renault Triber RXZ AT 2022 FullOriginalSepertiBaru Gresss ISTW",8.8e+07,NA,"35.000-40.000",NA,NA,NA,NA,"Standard","2026-08-06T06:11:18+07:00",2022,4,"Renault",37500
"947599238","Mini Cooper Countryman 1.5 2024 NIK 2023 non S clubman 2022 Door Doors",5.36e+08,NA,"0-5.000",NA,NA,NA,NA,"Standard","2026-08-20T14:29:59+07:00",2024,2,"Mini",2500
"947721384","Land Cruiser 4.5  2011 / 2012",9.35e+08,NA,"40.000-45.000",NA,NA,NA,NA,"Standard","2026-08-25T21:52:30+07:00",2011,15,"Land",42500
"947531010","Toyota Alphard G ATPM NIK 2023 low KM Pemakaian 2024 non hybrid hev",7.97e+08,NA,"20.000-25.000",NA,NA,NA,NA,"Standard","2026-08-17T14:09:04+07:00",2023,3,"Toyota",22500
"945673610","[MINT CONDITION] Toyota Fortuner 2.8 VRZ 2022",4.3e+08,NA,"30.000-35.000",NA,NA,NA,NA,"Standard","2026-08-29T00:29:18+07:00",2022,4,"[MINT",32500
"930033851","Mazda CX-9 2.5 AWD 2022 SkyActive FullOriginal SepertiBaruuu",4.55e+08,NA,"25.000-30.000",NA,NA,NA,NA,"Standard","2026-08-22T10:03:56+07:00",2022,4,"Mazda",27500
"924418445","Mercedes Benz C200 Odo13Rb AMG 2018 FullOriginal SepertiBaru Gresss",3.68e+08,NA,"5.000-10.000",NA,NA,NA,NA,"Standard","2026-08-13T06:34:32+07:00",2018,8,"Mercedes",7500
"947838584","HR-V 2019 MULUS, TERAWAT & RAJIN SERVICE",245890000,NA,"120.000-125.000",NA,NA,NA,NA,"Standard","2026-08-31T11:27:15+07:00",2019,7,"HR-V",122500
"945924913","Ford Ranger Raptor F150 2013 FullUpgrade KerenSekali Penampilan 5 M",2.88e+08,NA,"35.000-40.000",NA,NA,NA,NA,"Standard","2026-08-14T10:03:29+07:00",2013,13,"Ford",37500
"947838571","Honda Accord 1986 Bensin",2e+07,NA,">300.000",NA,NA,NA,NA,"Standard","2026-08-31T11:26:53+07:00",1986,40,"Honda",3e+05
"947838553","[DIJUAL CEPAT RARE FAV COLOR- LOW KM- LIKE NEW] CX30 GT 2021",2.85e+08,NA,"25.000-30.000",NA,NA,NA,NA,"Standard","2026-08-31T11:26:29+07:00",2021,5,"[DIJUAL",27500
"946105263","Proton Persona CFE AT 2017 Proper Modifikasi Keren Abis TidakAdaDuanya",6.8e+07,NA,"60.000-65.000",NA,NA,NA,NA,"Standard","2026-08-17T09:00:31+07:00",2017,9,"Proton",62500
"946199119","Ford Fiesta 1.5 AT 2014 Km50Ribuan Istimewa FullOriginal",7.8e+07,NA,"45.000-50.000",NA,NA,NA,NA,"Standard","2026-08-21T06:24:44+07:00",2014,12,"Ford",47500
"947838544","Mercedes-Benz CLS400 2017 Bensin",5.98e+08,NA,"60.000-65.000",NA,NA,NA,NA,"Standard","2026-08-31T11:32:29+07:00",2017,9,"Mercedes-Benz",62500
"943752491","Honda HRV E CVT AT 2016 FullOriginal SepertiBaru Gresss Istimewa Antik",1.55e+08,NA,"80.000-85.000",NA,NA,NA,NA,"Standard","2026-08-12T01:07:30+07:00",2016,10,"Honda",82500
"947838541","KM59RB Mercedes GLA45 AMG 2.0L Turbo 360HP NIK 2015 White On Black Tgn",4.05e+08,NA,"55.000-60.000",NA,NA,NA,NA,"Standard","2026-08-31T11:25:32+07:00",2015,11,"KM59RB",57500
"940494687","Lexus RX350 AT 2011 RX 350",1.75e+08,NA,"135.000-140.000",NA,NA,NA,NA,"Standard","2026-08-31T11:26:30+07:00",2011,15,"Lexus",137500
"947838529","(Full Spec PHEV!) BMWX X3 xDrive30e M Sport 2020 Hybrid X1 GLC300 X5",6.88e+08,NA,"15.000-20.000",NA,NA,NA,NA,"Standard","2026-08-31T11:25:10+07:00",2020,6,"(Full",17500
"941110607","Mercedes Benz E300 AT 2012 E 300 elegance",1.69e+08,NA,"80.000-85.000",NA,NA,NA,NA,"Standard","2026-08-31T11:26:30+07:00",2012,14,"Mercedes",82500
"942398087","Xpander New TDP12JT Manual GLS 2023 FullOriginal SepertiBaru Gresssss",1.58e+08,NA,"30.000-35.000",NA,NA,NA,NA,"Standard","2026-08-22T09:09:35+07:00",2023,3,"Xpander",32500
"947838503","Hyundai IONIQ 5 Long Range 2023 | Bluelink | KM 37rb | Tangan 1",438888000,NA,"35.000-40.000",NA,NA,NA,NA,"Standard","2026-08-31T11:24:07+07:00",2023,3,"Hyundai",37500
"947492738","Low Km 15Rb Chery J6 IWD Phantom 2025 Mulus",4.45e+08,NA,"10.000-15.000",NA,NA,NA,NA,"Standard","2026-08-15T11:58:04+07:00",2025,1,"Low",12500
"947701476","Chery Tiggo 8 Comfort 290T 1.6 Non Sunroof Biru 2024 Like New Low KM",2.5e+08,NA,"0-5.000",NA,NA,NA,NA,"Standard","2026-08-25T00:58:07+07:00",2024,2,"Chery",2500
"947767266","[LOW KM] TOYOTA RAIZE GR SPORT 2021 HITAM TT 2022 TURBO 1.0 AT",1.75e+08,NA,"45.000-50.000",NA,NA,NA,NA,"Standard","2026-08-30T08:56:15+07:00",2021,5,"[LOW",47500
"947777169","KM9RB BMW X1 sDrive1.8i U11 xLine NIK 2024 Tgn 1 Dr Br Space Silver On",6.95e+08,NA,"5.000-10.000",NA,NA,NA,NA,"Standard","2026-08-28T11:51:23+07:00",2024,2,"KM9RB",7500
"941111371","Mercedes Benz S350L CGI AT 2012 S 350L S350 L mercy mercedessbenz",2.99e+08,NA,"45.000-50.000",NA,NA,NA,NA,"Standard","2026-08-31T11:26:38+07:00",2012,14,"Mercedes",47500
"936123223","Mercedes Benz Mercy E250 E 250 Coupe AMG AT Merah 2013 Low Km Antik",4.5e+08,NA,"40.000-45.000",NA,NA,NA,NA,"Standard","2026-07-31T11:03:28+07:00",2013,13,"Mercedes",42500
"947838487","Honda CRV 1.5 Turbo Prestige AT Sunroof 2019/2020 FULL RECORD! CX5",2.9e+08,NA,"115.000-120.000",NA,NA,NA,NA,"Standard","2026-08-31T11:24:13+07:00",2019,7,"Honda",117500
"941112075","Porsche Cayenne 3.0 V6 S Hybrid 2012",4.49e+08,NA,"60.000-65.000",NA,NA,NA,NA,"Standard","2026-08-31T11:26:31+07:00",2012,14,"Porsche",62500
"947838422","(1 of 1!) BMW X3 PHEV xDrive30e M Sport 2020 X5 GLC200 NX300 330i",6.88e+08,NA,"15.000-20.000",NA,NA,NA,NA,"Standard","2026-08-31T11:22:12+07:00",2020,6,"(1",17500
"945670805","Mercedes Benz C200 Avantgarde 2022",6.09e+08,NA,"25.000-30.000",NA,NA,NA,NA,"Standard","2026-08-31T11:22:04+07:00",2022,4,"Mercedes",27500
"945695934","Toyota Vellfire 2.5 G ATPM Pilot Seat AT Black On Black 2023 Record",7.52e+08,NA,"55.000-60.000",NA,NA,NA,NA,"Standard","2026-08-31T11:21:50+07:00",2023,3,"Toyota",57500
"947838386","Almaz RS PRO AT 2021 Putih",1.76e+08,NA,"50.000-55.000",NA,NA,NA,NA,"Standard","2026-08-31T11:21:03+07:00",2021,5,"Almaz",52500
"947838327","Honda Jazz RS GE8 AT 2010 Matic Abu-Abu",1.05e+08,NA,"100.000-105.000",NA,NA,NA,NA,"Standard","2026-08-31T11:19:01+07:00",2010,16,"Honda",102500
"947838310","(Full Spec!) Toyota Alphard 2.5 SC Premium Sound 2016 Vellfire Voxy",4.15e+08,NA,"115.000-120.000",NA,NA,NA,NA,"Standard","2026-08-31T11:18:43+07:00",2016,10,"(Full",117500
"947838301","Toyota Yaris Cross S GR HV TSS at 2025",3.4e+08,NA,"15.000-20.000",NA,NA,NA,NA,"Standard","2026-08-31T11:18:30+07:00",2025,1,"Toyota",17500
"947838284","Subaru Forester 2.0i S EyeSight NIK 2023 Akhir Crystal Black Silica On",3.45e+08,NA,"30.000-35.000",NA,NA,NA,NA,"Standard","2026-08-31T11:17:54+07:00",2023,3,"Subaru",32500
"947838254","LOW KM HYUNDAI KONA EV SIGNATURE LONG RANGE FACELIFT 2021 PUTIH MURAH",2.25e+08,NA,"35.000-40.000",NA,NA,NA,NA,"Standard","2026-08-31T11:16:43+07:00",2021,5,"LOW",37500
"947838240","(FULL RECORD!) Toyota Alphard 2.5 SC Premium Sound 2016 Vellfire",4.15e+08,NA,"115.000-120.000",NA,NA,NA,NA,"Standard","2026-08-31T11:16:05+07:00",2016,10,"(FULL",117500
"947838226","(Km 40RB)Rush GR AT 2022 2023",2.1e+08,NA,"35.000-40.000",NA,NA,NA,NA,"Standard","2026-08-31T11:15:27+07:00",2022,4,"(Km",37500
"944895219","Mercedes Benz Mercy AMG A35 4Matic W177 2022 Low KM Record Like New",6.15e+08,NA,"10.000-15.000",NA,NA,NA,NA,"Standard","2026-08-31T11:15:27+07:00",2022,4,"Mercedes",12500
"947667188","Toyota Alphard SC 2.5L Facelift Kit 2017",5.85e+08,NA,"65.000-70.000",NA,NA,NA,NA,"Standard","2026-08-23T13:22:29+07:00",2017,9,"Toyota",67500
"943359813","Barcode Solar Ready ,Kijang Inova Diesel 2.5G Matic Thn 2013",2.05e+08,NA,"140.000-145.000",NA,NA,NA,NA,"Standard","2026-08-30T12:43:50+07:00",2013,13,"Barcode",142500
"947473922","[ GARANSI 5TH ] Toyota Vellfire 2.5 G ATPM Pilot Seat AT 2019/2020",4.8e+08,NA,"110.000-115.000",NA,NA,NA,NA,"Standard","2026-08-14T14:52:27+07:00",2019,7,"[",112500
"946190549","Katana gx 2006 Edisi Terakhir",8e+07,NA,"40.000-45.000",NA,NA,NA,NA,"Standard","2026-08-31T11:14:02+07:00",2006,20,"Katana",42500
"947838187","Xtrail 2.5 AT 2016 Hitam",1.35e+08,NA,"80.000-85.000",NA,NA,NA,NA,"Standard","2026-08-31T11:14:34+07:00",2016,10,"Xtrail",82500
"947838175","Mercedes Benz B200 2013 Automatic Putih",1.59e+08,NA,"90.000-95.000",NA,NA,NA,NA,"Standard","2026-08-31T11:13:45+07:00",2013,13,"Mercedes",92500
"947057223","BMW 330i 2004 E46",2.2e+08,NA,"160.000-165.000",NA,NA,NA,NA,"Standard","2026-08-31T11:13:36+07:00",2004,22,"BMW",162500
"946251303","BMW 435i Coupe M Sport F52 2014 km22rb Antik",6.69e+08,NA,"20.000-25.000",NA,NA,NA,NA,"Standard","2026-08-31T11:12:25+07:00",2014,12,"BMW",22500
"946378064","Mercy SLK 250 //AMG CBU Version 2011",5.19e+08,NA,"35.000-40.000",NA,NA,NA,NA,"Standard","2026-08-31T11:12:08+07:00",2011,15,"Mercy",37500
"947838096","[BERGARANSI] Toyota Innova Zenix Q Hybrid 2.0 Modelista TSS 2025 2026",5.01e+08,NA,"15.000-20.000",NA,NA,NA,NA,"Standard","2026-08-31T11:11:29+07:00",2025,1,"[BERGARANSI]",17500
"947838095","[BERGARANSI] Toyota Innova Zenix Q Hybrid 2.0 Modelista TSS 2025 2026",5.01e+08,NA,"15.000-20.000",NA,NA,NA,NA,"Standard","2026-08-31T11:11:23+07:00",2025,1,"[BERGARANSI]",17500
"945678380","Hyundai Ioniq 5 Long Range Signature EV AT Putih 2022 Like New Garansi",4.2e+08,NA,"30.000-35.000",NA,NA,NA,NA,"Standard","2026-08-31T11:10:52+07:00",2022,4,"Hyundai",32500
"947838067","Suzuki XL7 Beta Hybrid at 2023",2.1e+08,NA,"40.000-45.000",NA,NA,NA,NA,"Standard","2026-08-31T11:10:35+07:00",2023,3,"Suzuki",42500
"947838066","Veloz Q TSS CVT 2022 Hitam",2.07e+08,NA,"50.000-55.000",NA,NA,NA,NA,"Standard","2026-08-31T11:10:34+07:00",2022,4,"Veloz",52500
"947838062","Mazda CX7 GT 2.3 Sunroof 2010 Automatic Putih Metalik",1.09e+08,NA,"110.000-115.000",NA,NA,NA,NA,"Standard","2026-08-31T11:10:28+07:00",2010,16,"Mazda",112500
"938556413","Range Rover Vogue 3.0 Autobiography LWB 2019",1.85e+09,NA,"30.000-35.000",NA,NA,NA,NA,"Standard","2026-08-31T11:10:12+07:00",2019,7,"Range",32500
"947838041","SANTA FE 2.5 SIGNATURE AT 2022",3.35e+08,NA,"80.000-85.000",NA,NA,NA,NA,"Standard","2026-08-31T11:09:43+07:00",2022,4,"SANTA",82500
"946023611","DP10% [Km4.000] E200 Exclusive 2025 Black Reg 2026 #AUTOHIGH",1.195e+09,NA,"0-5.000",NA,NA,NA,NA,"Standard","2026-08-14T10:53:34+07:00",2025,1,"DP10%",2500
"945542686","DP10% [Km6.000] X5 M-Sport LCi 2025 White Reg 2026 #AUTOHIGH",1.525e+09,NA,"0-5.000",NA,NA,NA,NA,"Standard","2026-08-24T17:43:33+07:00",2025,1,"DP10%",2500
"947568391","Km 31rb kia seltos exp ex+ plus 2021 merah sunroof",2.05e+08,NA,"30.000-35.000",NA,NA,NA,NA,"Standard","2026-08-19T11:10:52+07:00",2021,5,"Km",32500
"947679881","(LOW KM.21RB) TOYOTA VOXY 2023 2.0 NEW MODEL & PAJAK PANJANG",4.25e+08,NA,"20.000-25.000",NA,NA,NA,NA,"Standard","2026-08-24T08:35:12+07:00",2023,3,"(LOW",22500
"945696249","BMW 520i 520 i M Sport G30 CKD LCi Hitam 2023 Like New Low KM Record",7e+08,NA,"20.000-25.000",NA,NA,NA,NA,"Standard","2026-08-31T11:08:53+07:00",2023,3,"BMW",22500
"947838002","TDP LIMA JUTA SIENTA Q AT 2017",1.7e+08,NA,"100.000-105.000",NA,NA,NA,NA,"Standard","2026-08-31T11:08:40+07:00",2017,9,"TDP",102500
"941290966","All New Subaru Forester 2.0i-S Eyesight AWD Putih 2024 Like New Low KM",4e+08,NA,"5.000-10.000",NA,NA,NA,NA,"Standard","2026-08-31T11:08:12+07:00",2024,2,"All",7500
"947415395","Mitsubishi Xpander Exceed AT 2019 Record Servis terawat",1.68e+08,NA,"170.000-175.000",NA,NA,NA,NA,"Standard","2026-08-18T11:52:45+07:00",2019,7,"Mitsubishi",172500
"938236971","Nissan Xtrail X-trail 2.5 CVT AT Camera360 Silver 2018 KM 109rb Record",1.55e+08,NA,"105.000-110.000",NA,NA,NA,NA,"Standard","2026-08-31T11:07:39+07:00",2018,8,"Nissan",107500
"943176508","Toyota Kijang Innova Zenix 2.0 G Non Hybrid CVT Bensin 2024 Like New",3.25e+08,NA,"40.000-45.000",NA,NA,NA,NA,"Standard","2026-08-31T11:07:27+07:00",2024,2,"Toyota",42500
"947837968","(Upgrade AMG!) Mercedes-Benz GLC200 Exclusive 2017 GLC43 X3 GLA200",3.85e+08,NA,"35.000-40.000",NA,NA,NA,NA,"Standard","2026-08-31T11:07:16+07:00",2017,9,"(Upgrade",37500
"947837965","Toyota Fortuner 2025 Diesel",5.7e+08,NA,"5.000-10.000",NA,NA,NA,NA,"Standard","2026-08-31T11:48:55+07:00",2025,1,"Toyota",7500
"947837956","Honda Mobilio E AT 2019 Pajak Panjang",1.45e+08,NA,"40.000-45.000",NA,NA,NA,NA,"Standard","2026-08-31T11:07:01+07:00",2019,7,"Honda",42500
"947837920","Toyota Innova Zenix 2.0 Q Hybrid TSS Modelista 2022",4.3e+08,NA,"70.000-75.000",NA,NA,NA,NA,"Standard","2026-08-31T11:06:04+07:00",2022,4,"Toyota",72500
"947837912","Mercedes Benz C200 Avantagrde Facelift 2011 Automatic Abu abu",1.49e+08,NA,"120.000-125.000",NA,NA,NA,NA,"Standard","2026-08-31T11:05:52+07:00",2011,15,"Mercedes",122500
"944920904","Hyundai Palisade Signature 2.2 Diesel Panoramic AT Black On White 2023",6.5e+08,NA,"40.000-45.000",NA,NA,NA,NA,"Standard","2026-08-31T11:05:50+07:00",2023,3,"Hyundai",42500
"944895360","Mercedes Benz Mercy C200 C 200 W205 Avantgarde 2019 Low Km Garansi",3.89e+08,NA,"35.000-40.000",NA,NA,NA,NA,"Standard","2026-08-31T11:05:26+07:00",2019,7,"Mercedes",37500
"947231812","[GARANSI 5TH] Kia Grand Carnival Premiere 2.2 Diesel 7 Seat 2024/2025",6.5e+08,NA,"30.000-35.000",NA,NA,NA,NA,"Standard","2026-08-04T16:09:55+07:00",2024,2,"[GARANSI",32500
"947161213","[ GARANSI 5TH ] Mitsubishi Pajero Dakar Ultimate 4x2 Diesel 2023/2024",4.2e+08,NA,"45.000-50.000",NA,NA,NA,NA,"Standard","2026-08-01T14:27:31+07:00",2023,3,"[",47500
"946959648","Toyota Calya G AT 2016",9.8e+07,NA,"95.000-100.000",NA,NA,NA,NA,"Standard","2026-08-23T09:41:12+07:00",2016,10,"Toyota",97500
"947335030","[ KM LOW ] Toyota Innova Zenix Q Hybrid 2.0 Modelista TSS 2023 2024",4.65e+08,NA,"20.000-25.000",NA,NA,NA,NA,"Standard","2026-08-08T16:15:52+07:00",2023,3,"[",22500
"947837881","(AMG GLC43 Look!) Mercedes-Benz GLC200 Exclusive 2017 GLC250 X3 C300",3.85e+08,NA,"30.000-35.000",NA,NA,NA,NA,"Standard","2026-08-31T11:04:46+07:00",2017,9,"(AMG",32500
"945687662","2021 LEXUS RX300 LUXURY 2020 FACELIFT SONIC GREY 2019",6.4e+08,NA,"75.000-80.000",NA,NA,NA,NA,"Standard","2026-08-31T11:04:43+07:00",2021,5,"2021",77500
"946415696","Toyota Raize 1.0 Turbo S CVT GR Sport Non TSS Dual Tone 2024 Like New",2.05e+08,NA,"10.000-15.000",NA,NA,NA,NA,"Standard","2026-08-31T11:04:05+07:00",2024,2,"Toyota",12500
"947837787","SUZUKI FRONX 2025 BARU",2.99e+08,NA,"0-5.000",NA,NA,NA,NA,"Standard","2026-08-31T11:01:38+07:00",2025,1,"SUZUKI",2500
"947837782","(Full Record!!) BMW X1 sDrive18i xLine F48 2017 X3 GLA200 218i",2.35e+08,NA,"35.000-40.000",NA,NA,NA,NA,"Standard","2026-08-31T11:01:23+07:00",2017,9,"(Full",37500
"899180716","JAZZ RS 1.5 AUTOMATIC 2016, KONDISI ORIAN",2.25e+08,NA,"80.000-85.000",NA,NA,NA,NA,"Standard","2026-08-31T11:01:18+07:00",2016,10,"JAZZ",82500
"947837773","LOW KM WULING CORTEZ 1.5 T LUX CVT 2021 SUNROOF ISTIMEWA",1.3e+08,NA,"55.000-60.000",NA,NA,NA,NA,"Standard","2026-08-31T11:00:57+07:00",2021,5,"LOW",57500
"942785019","Mitsubishi Pajero Sport Dakar 4x4 Matic AT Diesel Tahun 2016 , 2018",3.54e+08,NA,"90.000-95.000",NA,NA,NA,NA,"Standard","2026-08-06T10:47:26+07:00",2016,10,"Mitsubishi",92500
"947837760","FORTUNER VRZ 2.4 At Tahun 2016",3.1e+08,NA,"60.000-65.000",NA,NA,NA,NA,"Standard","2026-08-31T11:00:25+07:00",2016,10,"FORTUNER",62500
"936661418","Honda HR-V 2018 Silver",1.75e+08,NA,"50.000-55.000",NA,NA,NA,NA,"Standard","2026-08-31T11:00:14+07:00",2018,8,"Honda",52500
"947837746","New Wuling Cortez CT 1.5C TURBO CVT NIK 2019 Captain Seats Carnelian R",1.1e+08,NA,"105.000-110.000",NA,NA,NA,NA,"Standard","2026-08-31T10:59:56+07:00",2019,7,"New",107500
"947596958","TDP Minim Toyota Harrier 2011 Putih L Premium Jok Heater 2012 RX 270",150008000,NA,"70.000-75.000",NA,NA,NA,NA,"Standard","2026-08-28T17:03:30+07:00",2011,15,"TDP",72500
"947837717","TDP LIMA JUTA RUPIAH XENIA X AT 2023",1.85e+08,NA,"30.000-35.000",NA,NA,NA,NA,"Standard","2026-08-31T10:58:47+07:00",2023,3,"TDP",32500
"947630814","TDP Minim Honda BRV 2023 Prestige Putih BR V 2024 HRV AT CRV Stargazer",215008000,NA,"20.000-25.000",NA,NA,NA,NA,"Standard","2026-08-21T19:10:01+07:00",2023,3,"TDP",22500
"947579112","MAZDA BIANTE 2.0 AT 2013",1.4e+08,NA,"120.000-125.000",NA,NA,NA,NA,"Standard","2026-08-19T17:11:39+07:00",2013,13,"MAZDA",122500
"947687383","Mercy E200 Coupe Facelift  Nik 2023 Black Siap Pakai",1.225e+09,NA,"0-5.000",NA,NA,NA,NA,"Standard","2026-08-29T11:23:56+07:00",2023,3,"Mercy",2500
"947554140","Jimny 3 Door Two-Tone 2023",4.05e+08,NA,"5.000-10.000",NA,NA,NA,NA,"Standard","2026-08-20T15:26:49+07:00",2023,3,"Jimny",7500
"947818790","Toyota kijang innova venturer bensin 2021 hitam pajak panjang",3.09e+08,NA,"100.000-105.000",NA,NA,NA,NA,"Standard","2026-08-30T10:27:58+07:00",2021,5,"Toyota",102500
"947837686","(LOW ODO!) BMW X1 sDrive18i xLine F48 2017 X3 GLA200 320i Tiguan HRV",2.35e+08,NA,"35.000-40.000",NA,NA,NA,NA,"Standard","2026-08-31T10:57:52+07:00",2017,9,"(LOW",37500
"947837680","BMW 116i 2012 Automatic Putih Metalik",1.99e+08,NA,"130.000-135.000",NA,NA,NA,NA,"Standard","2026-08-31T10:57:33+07:00",2012,14,"BMW",132500
"947837667","[ISTIMEWA] Wuling Almaz RS Pro 2021",1.68e+08,NA,"50.000-55.000",NA,NA,NA,NA,"Standard","2026-08-31T10:57:15+07:00",2021,5,"[ISTIMEWA]",52500
"947837660","Toyota Calya G at 2021",1.22e+08,NA,"65.000-70.000",NA,NA,NA,NA,"Standard","2026-08-31T10:57:00+07:00",2021,5,"Toyota",67500
"947837638","TDP 5 JUTA * XENIA X AT 2023 *",1.85e+08,NA,"30.000-35.000",NA,NA,NA,NA,"Standard","2026-08-31T10:56:32+07:00",2023,3,"TDP",32500
"947837619","[ KM LOW ] Hyundai Ioniq 5 Long Range Signature EV AT 2023 2024",4.39e+08,NA,"35.000-40.000",NA,NA,NA,NA,"Standard","2026-08-31T10:56:02+07:00",2023,3,"[",37500
"947837614","[ KM LOW ] Hyundai Ioniq 5 Long Range Signature EV AT 2023 2024",4.39e+08,NA,"35.000-40.000",NA,NA,NA,NA,"Standard","2026-08-31T10:55:59+07:00",2023,3,"[",37500
"947837604","[ KM LOW ] Hyundai Ioniq 5 Long Range Signature EV AT 2023/2024",4.39e+08,NA,"40.000-45.000",NA,NA,NA,NA,"Standard","2026-08-31T10:56:22+07:00",2023,3,"[",42500
"947837593","[ KM LOW ] Hyundai Ioniq 5 Long Range Signature EV AT 2023/2024",4.39e+08,NA,"40.000-45.000",NA,NA,NA,NA,"Standard","2026-08-31T10:55:35+07:00",2023,3,"[",42500
"947837590","Mercedes Benz SLK200 Cabriolet 2004 Automatic Abu-abu Metalik",3.39e+08,NA,"50.000-55.000",NA,NA,NA,NA,"Standard","2026-08-31T10:55:22+07:00",2004,22,"Mercedes",52500
"947837569","Toyota Sienta V 1.5 Matic 2017",1.4e+08,NA,"90.000-95.000",NA,NA,NA,NA,"Standard","2026-08-31T10:54:22+07:00",2017,9,"Toyota",92500
"947837565","HYUNDAI STARGAZER PRIME CAPT SEAT AT 2022 HITAM ISTIMEWA PAJAK PANJANG",1.88e+08,NA,"55.000-60.000",NA,NA,NA,NA,"Standard","2026-08-31T10:54:10+07:00",2022,4,"HYUNDAI",57500
"947837551","[LOW KM] Wuling Almaz RS Pro 7 Seaters 2021",1.68e+08,NA,"50.000-55.000",NA,NA,NA,NA,"Standard","2026-08-31T10:53:37+07:00",2021,5,"[LOW",52500
"947837540","Plat H.. LEXUS RX 200 T LUXURY 2.0 A/T 2017.. eNHa garage Semarang..",4.38e+08,NA,"95.000-100.000",NA,NA,NA,NA,"Standard","2026-08-31T10:53:17+07:00",2017,9,"Plat",97500
"947837536","Honda CR-V 2022 Bensin",3.45e+08,NA,"115.000-120.000",NA,NA,NA,NA,"Standard","2026-08-31T10:53:12+07:00",2022,4,"Honda",117500
"947837517","Mercedes Benz CLA200 AMG 2014 Automatic Abu-abu",2.69e+08,NA,"70.000-75.000",NA,NA,NA,NA,"Standard","2026-08-31T10:52:33+07:00",2014,12,"Mercedes",72500
"947250386","[ KM 700 PERAK ] Mitsubishi Destinator 1.5 Ultimate DS 2025 2026",4.29e+08,NA,"0-5.000",NA,NA,NA,NA,"Standard","2026-08-05T12:37:00+07:00",2025,1,"[",2500
"945343531","DP10% [Km28.000] E300 Avantgarde 2016 White / AMG Reg 2017 #AUTOHIGH",4.25e+08,NA,"15.000-20.000",NA,NA,NA,NA,"Standard","2026-08-26T15:35:48+07:00",2016,10,"DP10%",17500
"947671719","Toyota Fortuner VRZ GR 2.8 4X2 AT 2023 Putih Low KM #CLK#",4.85e+08,NA,"15.000-20.000",NA,NA,NA,NA,"Standard","2026-08-23T17:03:14+07:00",2023,3,"Toyota",17500
"947725572","[CASH] Toyota Fortuner 2.5 G At Diesel 2011 Pribadi Murah",2.15e+08,NA,"75.000-80.000",NA,NA,NA,NA,"Standard","2026-08-26T08:25:47+07:00",2011,15,"[CASH]",77500
"947837501","Suzuki Ignis GL ags at 2019",1.1e+08,NA,"85.000-90.000",NA,NA,NA,NA,"Standard","2026-08-31T10:52:06+07:00",2019,7,"Suzuki",87500
"947837496","KM9RB BMW X1 sDrive1.8i U11 xLine NIK 2024 Tgn 1 Dr Br Space Silver On",6.95e+08,NA,"5.000-10.000",NA,NA,NA,NA,"Standard","2026-08-31T10:52:04+07:00",2024,2,"KM9RB",7500
"947837490","DIJUAL HONDA CR-V RM3 2.4 AT 2012 – WHITE",1.75e+08,NA,"200.000-205.000",NA,NA,NA,NA,"Standard","2026-08-31T10:51:50+07:00",2012,14,"DIJUAL",202500
"947837447","mercedes-benz e250 (2012)",1.88e+08,NA,"70.000-75.000",NA,NA,NA,NA,"Standard","2026-08-31T10:50:45+07:00",2012,14,"mercedes-benz",72500
"947837445","MITSUBISHI PAJERO DAKAR 4x4 DIESEL AT 2016",3.45e+08,NA,"120.000-125.000",NA,NA,NA,NA,"Standard","2026-08-31T10:50:45+07:00",2016,10,"MITSUBISHI",122500
"947837434","[ISTIMEWA] Wuling Almaz RS Pro 7 Seaters 2021",1.68e+08,NA,"50.000-55.000",NA,NA,NA,NA,"Standard","2026-08-31T10:50:20+07:00",2021,5,"[ISTIMEWA]",52500
"947837420","FULLSET HONDA HRV E CVT 2015 PUTIH ISTIMEWA PAJAK PANJANG",1.65e+08,NA,"120.000-125.000",NA,NA,NA,NA,"Standard","2026-08-31T10:49:54+07:00",2015,11,"FULLSET",122500
"947837418","Lexus RX350h Luxury 2.5L Hybrid 247HP NIK 2024 Graphite Black Glass On",1.425e+09,NA,"15.000-20.000",NA,NA,NA,NA,"Standard","2026-08-31T10:49:51+07:00",2024,2,"Lexus",17500
"947837405","Audi A4 B8.5 2.0 S-Line 2012 Facelift Silver Metalik",1.69e+08,NA,"130.000-135.000",NA,NA,NA,NA,"Standard","2026-08-31T10:49:23+07:00",2012,14,"Audi",132500
"947837369","Mitsubishi Pajero Dakar 4x4 AT Diesel 2016/2017 FULL RECORD! | VRZ",3.45e+08,NA,"120.000-125.000",NA,NA,NA,NA,"Standard","2026-08-31T10:48:15+07:00",2016,10,"Mitsubishi",122500
"947837322","[LOW KM] Wuling Almaz RS Pro 2021",1.68e+08,NA,"50.000-55.000",NA,NA,NA,NA,"Standard","2026-08-31T10:46:44+07:00",2021,5,"[LOW",52500
"947837266","KM46RB Jeep Wrangler Sport 3.6 Pentastar Dashboard Facelift 2Door 2012",6.75e+08,NA,"45.000-50.000",NA,NA,NA,NA,"Standard","2026-08-31T10:44:45+07:00",2012,14,"KM46RB",47500
"947837247","Mazda CX5 2.5 GT at 2013",1.5e+08,NA,"80.000-85.000",NA,NA,NA,NA,"Standard","2026-08-31T10:44:29+07:00",2013,13,"Mazda",82500
"947837242","TERMURAH MITSUBISHI PAJERO DAKAR 4x4 AT DIESEL 2016 HITAM PAJAK ON",3.45e+08,NA,"120.000-125.000",NA,NA,NA,NA,"Standard","2026-08-31T10:44:27+07:00",2016,10,"TERMURAH",122500
"947546632","[ KM 5RB ] Hyundai loniq 5N loniq5N loniq 5 2023/2024",8.75e+08,NA,"0-5.000",NA,NA,NA,NA,"Standard","2026-08-30T13:46:44+07:00",2023,3,"[",2500
"947249685","[HARGA CASH] Atto 1 Premium KM 8RB CBU 2025",216500000,NA,"0-5.000",NA,NA,NA,NA,"Standard","2026-08-12T22:46:25+07:00",2025,1,"[HARGA",2500
"947643453","KM 30rb! Daihatsu Rocky R ASA AT 2022/2023 Full Record! | Raize",1.83e+08,NA,"30.000-35.000",NA,NA,NA,NA,"Standard","2026-08-24T13:05:17+07:00",2022,4,"KM",32500
"940341639","Renault Triber RXZ AT 2022 FullOriginal SepertiBaru Gressssss",8.8e+07,NA,"45.000-50.000",NA,NA,NA,NA,"Standard","2026-08-15T08:38:48+07:00",2022,4,"Renault",47500
"947837149","[ BERGARANSI ] BYD Sealion 7 Premium RWD AT 2025 2026",5.35e+08,NA,"15.000-20.000",NA,NA,NA,NA,"Standard","2026-08-31T10:40:52+07:00",2025,1,"[",17500
"947837148","[ BERGARANSI ] BYD Sealion 7 Premium RWD AT 2025 2026",5.35e+08,NA,"15.000-20.000",NA,NA,NA,NA,"Standard","2026-08-31T10:40:46+07:00",2025,1,"[",17500
"947140918","Toyota Raize GR 1.0 Turbo S AT 2021 Like New 2022",1.69e+08,NA,"75.000-80.000",NA,NA,NA,NA,"Standard","2026-08-31T10:40:05+07:00",2021,5,"Toyota",77500
"947837098","2020 Honda HRV 1.5 E Spesial Edition CVT AT",2.25e+08,NA,"40.000-45.000",NA,NA,NA,NA,"Standard","2026-08-31T10:39:48+07:00",2020,6,"2020",42500
"947837091","Terios TS Extra 2015 Matic Hitam Terlaris Yuk Cek Segera",1.19e+08,NA,"85.000-90.000",NA,NA,NA,NA,"Standard","2026-08-31T10:39:09+07:00",2015,11,"Terios",87500
"947837076","Jual Toyota Fortuner VRZ 2.8 GR 2022 Diesel",4.41e+08,NA,"35.000-40.000",NA,NA,NA,NA,"Standard","2026-08-31T10:40:29+07:00",2022,4,"Jual",37500
"947837070","MAZDA CX-8 ELITE 2.5 AT 2021",3e+08,NA,"65.000-70.000",NA,NA,NA,NA,"Standard","2026-08-31T10:38:30+07:00",2021,5,"MAZDA",67500
"946942882","Kilometer 7rb BMW X5 3.0 Xdrive Msport 2025 Putih GLE450 2024 Hitam",1.415e+09,NA,"0-5.000",NA,NA,NA,NA,"Standard","2026-08-31T10:37:08+07:00",2025,1,"Kilometer",2500
"947837025","Toyota Alphard 2.5 G ATPM 2017",3.99e+08,NA,"135.000-140.000",NA,NA,NA,NA,"Standard","2026-08-31T10:36:50+07:00",2017,9,"Toyota",137500
"945645495","Mazda CX5 2.5 Kuro AWD 2026 April Automatic Putih Vieta Motor Termurah",4.99e+08,NA,"0-5.000",NA,NA,NA,NA,"Standard","2026-08-31T10:36:04+07:00",2026,0,"Mazda",2500
"946385517","Lexus RX300 F Sport 2018 October Hitam Vieta Motor Termurah",6.65e+08,NA,"30.000-35.000",NA,NA,NA,NA,"Standard","2026-08-31T10:35:37+07:00",2018,8,"Lexus",32500
"947836978","Camry hybrid 2019",3.4e+08,NA,"85.000-90.000",NA,NA,NA,NA,"Standard","2026-08-31T10:34:57+07:00",2019,7,"Camry",87500
"947836958","‼️low km‼️Toyota Zenix G AT hybrid Hitam 2024 2025 2023",3.55e+08,NA,"30.000-35.000",NA,NA,NA,NA,"Standard","2026-08-31T10:34:32+07:00",2024,2,"‼️low",32500
"947836951","[ BERGARANSI ] BYD Sealion 7 Premium RWD AT 2025/2026",5.35e+08,NA,"15.000-20.000",NA,NA,NA,NA,"Standard","2026-08-31T10:34:17+07:00",2025,1,"[",17500
"947836928","[ BERGARANSI ] BYD Sealion 7 Premium RWD AT 2025/2026",5.35e+08,NA,"15.000-20.000",NA,NA,NA,NA,"Standard","2026-08-31T10:33:53+07:00",2025,1,"[",17500
"947595813","[KM 66RB]Toyota Alphard 2.5 G ATPM TSS 2021 Alphard G 2021 Alphard G",6.25e+08,NA,"60.000-65.000",NA,NA,NA,NA,"Standard","2026-08-30T18:25:34+07:00",2021,5,"[KM",62500
"947807565","[ ODO 10.000 KM ] LEXUS LX 600 VIP 3.5 AT 2022 BERGARANSI 5 TAHUN",2.8e+09,NA,"5.000-10.000",NA,NA,NA,NA,"Standard","2026-08-29T16:10:40+07:00",2022,4,"[",7500
"947552421","BMW X1 2019 xLine",3e+08,NA,"50.000-55.000",NA,NA,NA,NA,"Standard","2026-08-18T15:26:50+07:00",2019,7,"BMW",52500
"947508005","Mercedes-Benz GLA200  AMG 2018",2.55e+08,NA,"95.000-100.000",NA,NA,NA,NA,"Standard","2026-08-29T06:35:29+07:00",2018,8,"Mercedes-Benz",97500
"947390068","Honda Hrv 1.5 SE 2023",2.8e+08,NA,"45.000-50.000",NA,NA,NA,NA,"Standard","2026-08-12T12:21:14+07:00",2023,3,"Honda",47500
"947836797","Honda HRV SE AT 2023 / 2024 Plat Ganjil Matic Istimewa",3.1e+08,NA,"50.000-55.000",NA,NA,NA,NA,"Standard","2026-08-31T10:29:13+07:00",2023,3,"Honda",52500
"947836785","Toyota Camry 2008 Bensin",1.12e+08,NA,"135.000-140.000",NA,NA,NA,NA,"Standard","2026-08-31T10:30:33+07:00",2008,18,"Toyota",137500
"947836770","Nissan Serena HWS at 2017",1.5e+08,NA,"100.000-105.000",NA,NA,NA,NA,"Standard","2026-08-31T10:27:52+07:00",2017,9,"Nissan",102500
"947836672","Toyota Rush S Trd 1.5 AT 2020 Silver Km 20rb Record Modif Camera 360",2.1e+08,NA,"25.000-30.000",NA,NA,NA,NA,"Standard","2026-08-31T10:23:41+07:00",2020,6,"Toyota",27500
"946792517","Toyota Kijang Innova Inova V Manual MT Tahun 2009 Silver , 2011",1.26e+08,NA,"90.000-95.000",NA,NA,NA,NA,"Standard","2026-08-16T10:31:48+07:00",2009,17,"Toyota",92500
"947836626","Honda HRV 1.5 E CVT 2015/2016 FULL RECORD! | Creta Xtrail",1.65e+08,NA,"130.000-135.000",NA,NA,NA,NA,"Standard","2026-08-31T10:21:47+07:00",2015,11,"Honda",132500
"943235785","Lexus RX300 F-Sport (2018)",6.1e+08,NA,"85.000-90.000",NA,NA,NA,NA,"Standard","2026-08-31T10:21:42+07:00",2018,8,"Lexus",87500
"947836614","Honda Brio 2018 Bensin",1.4e+08,NA,"65.000-70.000",NA,NA,NA,NA,"Standard","2026-08-31T10:21:17+07:00",2018,8,"Honda",67500
"943071312","Maserati Quattroporte 3.0L 2017",7.88e+08,NA,"15.000-20.000",NA,NA,NA,NA,"Standard","2026-08-31T10:21:07+07:00",2017,9,"Maserati",17500
"947836570","Nissan Juke RX at 2012",1.05e+08,NA,"90.000-95.000",NA,NA,NA,NA,"Standard","2026-08-31T10:19:18+07:00",2012,14,"Nissan",92500
"947836566","Toyota GR 86 2023 MT",8.5e+08,NA,"5.000-10.000",NA,NA,NA,NA,"Standard","2026-08-31T10:19:06+07:00",2023,3,"Toyota",7500
"947836536","TOYOTA YARIS TRD AT 2018",1.75e+08,NA,"60.000-65.000",NA,NA,NA,NA,"Standard","2026-08-31T10:17:23+07:00",2018,8,"TOYOTA",62500
"947836513","Outlander Sport 2013 Tangan Pertama, Pemilik Langsung, Pajak Baru",1.3e+08,NA,"115.000-120.000",NA,NA,NA,NA,"Standard","2026-08-31T10:16:33+07:00",2013,13,"Outlander",117500
"947836493","Toyota Kijang Innova Zenix Q AT Hybrid TSS Modellista 2022/2023",4.3e+08,NA,"70.000-75.000",NA,NA,NA,NA,"Standard","2026-08-31T10:15:34+07:00",2022,4,"Toyota",72500
"947282316","[ LOW KM 9RB ] Honda Accord 2.0 RS E-HEV Hybrid Sensing 2024 2025",6.98e+08,NA,"5.000-10.000",NA,NA,NA,NA,"Standard","2026-08-06T13:22:20+07:00",2024,2,"[",7500
"947689374","[ GARANSI 5TH ] Toyota Vellfire 2.5 G ATPM Pilot Seat AT 2018/2019",5.21e+08,NA,"60.000-65.000",NA,NA,NA,NA,"Standard","2026-08-28T21:11:45+07:00",2018,8,"[",62500
"945250318","BMW 735Li 2003 Sunroof Interior Beige",8.8e+07,NA,"85.000-90.000",NA,NA,NA,NA,"Standard","2026-08-19T08:06:01+07:00",2003,23,"BMW",87500
"947553515","[ BERGARANSI ] BYD Sealion 7 Premium RWD AT 2025/2026",5.25e+08,NA,"20.000-25.000",NA,NA,NA,NA,"Standard","2026-08-18T16:08:19+07:00",2025,1,"[",22500
"947836459","[ KM LOW ] Chery Tiggo 8 Premium 290 T 1.6 Panoramic AT 2024/2025",2.83e+08,NA,"15.000-20.000",NA,NA,NA,NA,"Standard","2026-08-31T10:13:48+07:00",2024,2,"[",17500
"947836456","[ KM LOW ] Chery Tiggo 8 Premium 290 T 1.6 Panoramic AT 2024/2025",2.83e+08,NA,"15.000-20.000",NA,NA,NA,NA,"Standard","2026-08-31T10:13:41+07:00",2024,2,"[",17500
"947836454","[ KM LOW ] Chery Tiggo 8 Premium 290 T 1.6 Panoramic AT 2024/2025",2.83e+08,NA,"15.000-20.000",NA,NA,NA,NA,"Standard","2026-08-31T10:13:35+07:00",2024,2,"[",17500
"947836413","Mitsubishi Xpander Cross at 2019",1.95e+08,NA,"40.000-45.000",NA,NA,NA,NA,"Standard","2026-08-31T10:12:17+07:00",2019,7,"Mitsubishi",42500
"947836402","TOYOTA CALYA G AT 2021",1.22e+08,NA,"65.000-70.000",NA,NA,NA,NA,"Standard","2026-08-31T10:12:17+07:00",2021,5,"TOYOTA",67500
"946352036","Mercedes Benz GLA 200 AMG Line CKD AT th 2022",6.25e+08,NA,"10.000-15.000",NA,NA,NA,NA,"Standard","2026-08-31T10:14:57+07:00",2022,4,"Mercedes",12500
"947836293","Toyota Sienta V AT 2021",1.85e+08,NA,"25.000-30.000",NA,NA,NA,NA,"Standard","2026-08-31T10:10:01+07:00",2021,5,"Toyota",27500
"947836280","Toyota Innova 2.0 G AT 2021/2022 FULL RECORD! | Santa Fe Xtrail",2.55e+08,NA,"105.000-110.000",NA,NA,NA,NA,"Standard","2026-08-31T10:06:12+07:00",2021,5,"Toyota",107500
"947043578","Citroen C3 2024 Bensin",1.85e+08,NA,"0-5.000",NA,NA,NA,NA,"Standard","2026-08-31T10:05:49+07:00",2024,2,"Citroen",2500
"947836260","Alphard G ATPM 2020",5.65e+08,NA,"40.000-45.000",NA,NA,NA,NA,"Standard","2026-08-31T10:05:33+07:00",2020,6,"Alphard",42500
"947836208","Agya G AT 2015 KM 30Rb Cash!!!",8.9e+07,NA,"30.000-35.000",NA,NA,NA,NA,"Standard","2026-08-31T10:02:53+07:00",2015,11,"Agya",32500
"947836207","MITSUBISHI XPANDER CROSS AT 2019",1.95e+08,NA,"40.000-45.000",NA,NA,NA,NA,"Standard","2026-08-31T10:02:50+07:00",2019,7,"MITSUBISHI",42500
"947836196","LOW KM.43RB HYUNDAI ROYALE DIESEL 2.5 AT 2013 MATIC PAJAK PANJANG",2.9e+08,NA,"40.000-45.000",NA,NA,NA,NA,"Standard","2026-08-31T10:02:25+07:00",2013,13,"LOW",42500
"947201675","[ LOW KM 11RB ] Mercedes Benz Mercy S500 S 500 AMG W223 2023/2024",1.73e+09,NA,"10.000-15.000",NA,NA,NA,NA,"Standard","2026-08-19T16:43:37+07:00",2023,3,"[",12500
"947296170","DP10% [Km17.000] GLC300 AMG 2023 Black / GLC 300 Reg 2024 #AUTOHIGH",1.095e+09,NA,"5.000-10.000",NA,NA,NA,NA,"Standard","2026-08-14T16:16:11+07:00",2023,3,"DP10%",7500
"947708060","JEEP WHANGLER 3.0 Renegated 4 Door (4x4) Th 2015 Low km 47",9e+08,NA,"45.000-50.000",NA,NA,NA,NA,"Standard","2026-08-25T11:23:21+07:00",2015,11,"JEEP",47500
"945497075","BMW X5 xdrive 4.0i 2023",1.325e+09,NA,"10.000-15.000",NA,NA,NA,NA,"Standard","2026-08-13T09:36:28+07:00",2023,3,"BMW",12500
"947836131","[ GARANSI 5TH ] Toyota Kijang Innova Reborn 2.0 G AT Bensin 2021/2022",2.75e+08,NA,"55.000-60.000",NA,NA,NA,NA,"Standard","2026-08-31T09:59:06+07:00",2021,5,"[",57500
"947836130","[ GARANSI 5TH ] Toyota Kijang Innova Reborn 2.0 G AT Bensin 2021/2022",2.75e+08,NA,"55.000-60.000",NA,NA,NA,NA,"Standard","2026-08-31T09:59:03+07:00",2021,5,"[",57500
"947836114","LOW KM.43RB HYUNDAI ROYALE DIESEL 2.5 AT 2013 MATIC PAJAK PANJANG",2.9e+08,NA,"40.000-45.000",NA,NA,NA,NA,"Standard","2026-08-31T09:58:19+07:00",2013,13,"LOW",42500
"947095965","NIK 2025 Mercedes-Benz Maybach GLS 600",9.5e+09,NA,"0-5.000",NA,NA,NA,NA,"Standard","2026-08-31T10:08:32+07:00",2025,1,"NIK",2500
"947836110","ODO LOW! Mercedes Benz C200 AMG Final Edition 2021 (W205)",478999999,NA,"20.000-25.000",NA,NA,NA,NA,"Standard","2026-08-31T09:58:07+07:00",2021,5,"ODO",22500
"947836108","Mini Morris 1964 Bensin",6.3e+08,NA,"25.000-30.000",NA,NA,NA,NA,"Standard","2026-08-31T10:35:35+07:00",1964,62,"Mini",27500
"947836098","Honda CRV 1.5 Turbo AT Prestige Sunroof 2018/2019 Full Record! | CX 5",2.78e+08,NA,"110.000-115.000",NA,NA,NA,NA,"Standard","2026-08-31T10:32:37+07:00",2018,8,"Honda",112500
"947836080","Honda Accord VTI 2.4 AT 2008 Abu ab PAJAK PANJANG",9.8e+07,NA,"100.000-105.000",NA,NA,NA,NA,"Standard","2026-08-31T09:56:37+07:00",2008,18,"Honda",102500
"946038454","CASH BMW Z4 S Drive 30i 2020 Good Condition",9.99e+08,NA,"25.000-30.000",NA,NA,NA,NA,"Standard","2026-08-31T09:55:39+07:00",2020,6,"CASH",27500
"947836008","Honda Brio 2018 Bensin",1.45e+08,NA,"65.000-70.000",NA,NA,NA,NA,"Standard","2026-08-31T09:53:04+07:00",2018,8,"Honda",67500
"946960012","CASH Mercedes-Benz E400 Coupe FACELIFT 2014 Like New",4.44e+08,NA,"45.000-50.000",NA,NA,NA,NA,"Standard","2026-08-19T22:54:28+07:00",2014,12,"CASH",47500
"947835948","ODO SUPER LOW! Mini Countryman Cooper S Facelift 2023 F60",598999999,NA,"0-5.000",NA,NA,NA,NA,"Standard","2026-08-31T09:50:37+07:00",2023,3,"ODO",2500
"947835944","KM.12RB MITSUBISHI PAJERO DAKAR SPORT 2.4 AT 2023 MATIC BERGARANSI",4.65e+08,NA,"10.000-15.000",NA,NA,NA,NA,"Standard","2026-08-31T09:50:34+07:00",2023,3,"KM.12RB",12500
"947835898","Toyota Avanza 2019 Bensin",1.15e+08,NA,">300.000",NA,NA,NA,NA,"Standard","2026-08-31T10:25:13+07:00",2019,7,"Toyota",3e+05
"947133733","Toyota Kijang 1994 Bensin",3.9e+07,NA,">300.000",NA,NA,NA,NA,"Standard","2026-08-31T09:47:39+07:00",1994,32,"Toyota",3e+05
"947481291","Honda WRV RS (Non Sensing)
Th 2024",2.1e+08,NA,"20.000-25.000",NA,NA,NA,NA,"Standard","2026-08-14T19:42:39+07:00",2024,2,"Honda",22500
"947643116","Eksekutif Naik Ini | Toyota Alphard G ATPM Metik 2021 Hiam",6.4e+08,NA,"75.000-80.000",NA,NA,NA,NA,"Standard","2026-08-22T11:41:16+07:00",2021,5,"Eksekutif",77500
"947512630","LEXUS ES300h ULTRA LUXURY AT 2022",8.55e+08,NA,"40.000-45.000",NA,NA,NA,NA,"Standard","2026-08-16T12:03:29+07:00",2022,4,"LEXUS",42500
"947378814","AUDI A6 2.0 TFSI 2023 TERMURAH",8.58e+08,NA,"5.000-10.000",NA,NA,NA,NA,"Standard","2026-08-27T17:55:48+07:00",2023,3,"AUDI",7500
"947835845","[ GARANSI 5TH ] Toyota Camry 2.5 V Sunroof AT 2021/2022",2.9e+08,NA,"50.000-55.000",NA,NA,NA,NA,"Standard","2026-08-31T09:46:18+07:00",2021,5,"[",52500
"947835841","[ GARANSI 5TH ] Toyota Camry 2.5 V Sunroof AT 2021/2022",2.9e+08,NA,"50.000-55.000",NA,NA,NA,NA,"Standard","2026-08-31T09:46:08+07:00",2021,5,"[",52500
"947835838","[ GARANSI 5TH ] Toyota Camry 2.5 V Sunroof AT 2021/2022",2.9e+08,NA,"50.000-55.000",NA,NA,NA,NA,"Standard","2026-08-31T09:46:00+07:00",2021,5,"[",52500
"946429301","Honda BR-V Prestige AT 2021",1.85e+08,NA,"45.000-50.000",NA,NA,NA,NA,"Standard","2026-08-31T09:45:47+07:00",2021,5,"Honda",47500
"947835832","BERGARANSI LEXUS ES300 HYBRID LUXURY 2023 MATIC 2.5 AT PAJAK PANJANG",8.3e+08,NA,"15.000-20.000",NA,NA,NA,NA,"Standard","2026-08-31T09:45:43+07:00",2023,3,"BERGARANSI",17500
"947835830","TERMURAH! BMW X3 xDrive30i M Sport G01 2021",468999999,NA,"55.000-60.000",NA,NA,NA,NA,"Standard","2026-08-31T09:45:41+07:00",2021,5,"TERMURAH!",57500
"947835822","Toyota Voxy 2017 Bensin",2.25e+08,NA,"125.000-130.000",NA,NA,NA,NA,"Standard","2026-08-31T10:40:44+07:00",2017,9,"Toyota",127500
"947835801","BERGARANSI LEXUS ES300 HYBRID LUXURY 2023 MATIC 2.5 AT PAJAK PANJANG",8.3e+08,NA,"15.000-20.000",NA,NA,NA,NA,"Standard","2026-08-31T09:44:21+07:00",2023,3,"BERGARANSI",17500
"947835771","First Hand Mazda CX3 2.0 GT at 2018 Jet Black",2.18e+08,NA,"60.000-65.000",NA,NA,NA,NA,"Standard","2026-08-31T09:43:23+07:00",2018,8,"First",62500
"946229660","Hyundai Creta Nline IVT 2025",3.55e+08,NA,"10.000-15.000",NA,NA,NA,NA,"Standard","2026-08-31T09:41:24+07:00",2025,1,"Hyundai",12500
"947835741","ODO LOW! Mercedes Benz GLC200 AMG Facelift 2020",548999999,NA,"20.000-25.000",NA,NA,NA,NA,"Standard","2026-08-31T09:41:19+07:00",2020,6,"ODO",22500
"947108358","NIK 2026 Nissan GT-R R35 Track Edition Engineered by NISMO",6.75e+09,NA,"0-5.000",NA,NA,NA,NA,"Standard","2026-08-31T09:40:56+07:00",2026,0,"NIK",2500
"946146290","NIK 2026 Mercedes Benz G450d AMG Manufaktur Obsidian Black Metallic",5.5e+09,NA,"0-5.000",NA,NA,NA,NA,"Standard","2026-08-31T09:39:53+07:00",2026,0,"NIK",2500
"945686688","NIK 2023 Ferrari SF90 Spider Rosso Corsa DS 322",1.65e+10,NA,"0-5.000",NA,NA,NA,NA,"Standard","2026-08-31T09:39:39+07:00",2023,3,"NIK",2500
"945122966","Yaris 1.5 TRD Sportivo AT 2018 Low KM Kondisi Mulus Terawat Siap Pakai",1.75e+08,NA,"65.000-70.000",NA,NA,NA,NA,"Standard","2026-08-31T09:39:37+07:00",2018,8,"Yaris",67500
"947100826","Taft 4x4 Rocky 2000 Offroad Style Gagah Keren Kuat Siap Offorad Style",1.75e+08,NA,"110.000-115.000",NA,NA,NA,NA,"Standard","2026-08-29T08:30:09+07:00",2000,26,"Taft",112500
"946960013","DP10% [Km6.000] GLE450 AMG 2023 Black / GLE 450 Reg 2024 #AUTOHIGH",1.35e+09,NA,"0-5.000",NA,NA,NA,NA,"Standard","2026-08-23T11:08:02+07:00",2023,3,"DP10%",2500
"947767609","DP10% [Km6.000] Voxy 2025 Black Reg 2026 #AUTOHIGH",4.95e+08,NA,"0-5.000",NA,NA,NA,NA,"Standard","2026-08-27T21:19:19+07:00",2025,1,"DP10%",2500
"947208773","(ODO: 20rb) Mercedes Benz GLC200 AMG 2021 low km merci glc 200",6.5e+08,NA,"15.000-20.000",NA,NA,NA,NA,"Standard","2026-08-12T12:15:58+07:00",2021,5,"(ODO:",17500
"947835710","DP 45JT LEXUS GS350 UPGRADE FACELIFT 2017 AT 3.5 PAJAK PANJANG",3.75e+08,NA,"85.000-90.000",NA,NA,NA,NA,"Standard","2026-08-31T09:39:35+07:00",2017,9,"DP",87500
"945665934","NIK 2023 Mercedes Benz G400d AMG Magno Black Trim Carbon",4.5e+09,NA,"5.000-10.000",NA,NA,NA,NA,"Standard","2026-08-31T09:39:28+07:00",2023,3,"NIK",7500
"944860277","NIK 2026 Toyota Land Cruiser 70 Modellista JAOS Pack Attitude Black",2.55e+09,NA,"0-5.000",NA,NA,NA,NA,"Standard","2026-08-31T09:39:16+07:00",2026,0,"NIK",2500
"944859210","NIK 2022 Porsche 911 GT3 992.1 Jet Black Metallic",7.75e+09,NA,"0-5.000",NA,NA,NA,NA,"Standard","2026-08-31T09:39:06+07:00",2022,4,"NIK",2500
"944659483","Pajero Sport 2.4 Dakar AT 2021 Pemakaian 2022 KM Antik Siap Pakai",4.5e+08,NA,"20.000-25.000",NA,NA,NA,NA,"Standard","2026-08-31T09:39:06+07:00",2021,5,"Pajero",22500
"944728987","NIK 2021 Rolls-Royce Wraith Black Badge Tempest Grey Color",1.5e+10,NA,"0-5.000",NA,NA,NA,NA,"Standard","2026-08-31T09:38:57+07:00",2021,5,"NIK",2500
"943903192","NIK 2025 Land Rover Defender 110 OCTA Edition One",7.7e+09,NA,"0-5.000",NA,NA,NA,NA,"Standard","2026-08-31T09:38:48+07:00",2025,1,"NIK",2500
"945566778","HR-V 1.5 SE AT 2023 Low KM Pajak Panjang Mulus Terawat Siap Pakai",3e+08,NA,"40.000-45.000",NA,NA,NA,NA,"Standard","2026-08-31T09:38:37+07:00",2023,3,"HR-V",42500
"942674979","NIK 2022 Audi RS6 Avant Black Mythos Metallic",3.75e+09,NA,"0-5.000",NA,NA,NA,NA,"Standard","2026-08-31T09:38:37+07:00",2022,4,"NIK",2500
"947835695","Honda BRV E 1.5 Matic AT 2021 Full Ori",1.83e+08,NA,"35.000-40.000",NA,NA,NA,NA,"Standard","2026-08-31T09:41:46+07:00",2021,5,"Honda",37500
"942255794","NIK 2026 Nissan GT-R R35 Nismo Special Edition (Last Edition)",7.8e+09,NA,"0-5.000",NA,NA,NA,NA,"Standard","2026-08-31T09:38:23+07:00",2026,0,"NIK",2500
"947835689","DP 45JT LEXUS GS350 UPGRADE FACELIFT 2017 AT 3.5 PAJAK PANJANG",3.75e+08,NA,"85.000-90.000",NA,NA,NA,NA,"Standard","2026-08-31T09:38:21+07:00",2017,9,"DP",87500
"941915506","NIK 2023 Ferrari SF90 Stradale Bianco Avus",1.35e+10,NA,"0-5.000",NA,NA,NA,NA,"Standard","2026-08-31T09:38:04+07:00",2023,3,"NIK",2500
"947835681","Avanza 15 At 2009",82500000,NA,"200.000-205.000",NA,NA,NA,NA,"Standard","2026-08-31T09:38:00+07:00",2009,17,"Avanza",202500
"944820433","Kijang Innova 2.4 Venturer AT 2019 Kondisi Mulus Terawat Siap Pakai",3.5e+08,NA,"115.000-120.000",NA,NA,NA,NA,"Standard","2026-08-31T09:37:53+07:00",2019,7,"Kijang",117500
"936576313","2018 Bentley Bentayga W12 Beluga Black",4.25e+09,NA,"10.000-15.000",NA,NA,NA,NA,"Standard","2026-08-31T09:37:54+07:00",2018,8,"2018",12500
"947744394","KM 13 Ribu Honda City RS Sensing AT 2023",2.35e+08,NA,"10.000-15.000",NA,NA,NA,NA,"Standard","2026-08-26T22:17:47+07:00",2023,3,"KM",12500
"947372452","BMW X5 MSport NIK 2023 Low KM 2024 M Sport xDrive Facelift model baru",1.299e+09,NA,"10.000-15.000",NA,NA,NA,NA,"Standard","2026-08-10T14:04:32+07:00",2023,3,"BMW",12500
"946870460","MERCY A200 PRO LINE 2022 TERMURAH",4.55e+08,NA,"15.000-20.000",NA,NA,NA,NA,"Standard","2026-08-27T17:44:59+07:00",2022,4,"MERCY",17500
"947509037","(TDP 15jt) CRV 2.0 AT 2015 CR-V",1.55e+08,NA,"100.000-105.000",NA,NA,NA,NA,"Standard","2026-08-21T18:34:14+07:00",2015,11,"(TDP",102500
"946379764","Mazda2 GT Skyactiv AT 2016",1.58e+08,NA,"80.000-85.000",NA,NA,NA,NA,"Standard","2026-08-31T09:35:53+07:00",2016,10,"Mazda2",82500
"947835630","BERGARANSI MERCEDES E400 MATIC 2016 AMG 3.0 AT PAJAK PANJANG",4.25e+08,NA,"45.000-50.000",NA,NA,NA,NA,"Standard","2026-08-31T09:35:17+07:00",2016,10,"BERGARANSI",47500
"947108043","Honda HR-V E AT 2024 KM 14 RIBU",2.85e+08,NA,"10.000-15.000",NA,NA,NA,NA,"Standard","2026-08-31T09:35:00+07:00",2024,2,"Honda",12500
"947108112","Honda HR-V E AT 2024",2.85e+08,NA,"10.000-15.000",NA,NA,NA,NA,"Standard","2026-08-31T09:34:19+07:00",2024,2,"Honda",12500
"947835601","PAJAK PANJANG! Mercedes Benz GLB200 1.3 Progressive Line 2021",478999999,NA,"30.000-35.000",NA,NA,NA,NA,"Standard","2026-08-31T09:33:46+07:00",2021,5,"PAJAK",32500
"947108711","Suzuki Ertiga GX AT 2022",1.87e+08,NA,"45.000-50.000",NA,NA,NA,NA,"Standard","2026-08-31T09:33:46+07:00",2022,4,"Suzuki",47500
"947835597","Rush G 1.5 MT 2016 pjk hdp tt",1.35e+08,NA,"130.000-135.000",NA,NA,NA,NA,"Standard","2026-08-31T09:33:36+07:00",2016,10,"Rush",132500
"947835594","NIK 2021 Hyundai Staria 2.2D Signature 7-Seater White on Black",4.5e+08,NA,"50.000-55.000",NA,NA,NA,NA,"Standard","2026-08-31T09:33:28+07:00",2021,5,"NIK",52500
"947835583","Toyota Corolla Cross Hybrid HEV AT Matic 2022 / 2023 Istimewa Ganjil",2.97e+08,NA,"45.000-50.000",NA,NA,NA,NA,"Standard","2026-08-31T09:33:08+07:00",2022,4,"Toyota",47500
"947142421","Toyota Sienta Q AT 2017",1.58e+08,NA,"75.000-80.000",NA,NA,NA,NA,"Standard","2026-08-31T09:33:06+07:00",2017,9,"Toyota",77500
"947835570","BERGARANSI MERCEDES E400 MATIC 2016 AMG 3.0 AT PAJAK PANJANG",4.25e+08,NA,"45.000-50.000",NA,NA,NA,NA,"Standard","2026-08-31T09:32:49+07:00",2016,10,"BERGARANSI",47500
"947835532","Honda BRV Prestige Matic Tahun 2023",2.2e+08,NA,"10.000-15.000",NA,NA,NA,NA,"Standard","2026-08-31T09:30:35+07:00",2023,3,"Honda",12500
"947835521","Honda Freed SD 1.5 AT 2015 Pjk Hdp km83rb tt",1.37e+08,NA,"80.000-85.000",NA,NA,NA,NA,"Standard","2026-08-31T09:30:13+07:00",2015,11,"Honda",82500
"947835504","LOW KM.26RB JAGUAR XJL2.0 AT V6 FULL SPEC AT 2013 VERY LOW PAJAK PJG",3.8e+08,NA,"25.000-30.000",NA,NA,NA,NA,"Standard","2026-08-31T09:29:26+07:00",2013,13,"LOW",27500
"947835500","Raize 1.0 GR CVT TSS 2021 two tone Putih Metalik",1.88e+08,NA,"65.000-70.000",NA,NA,NA,NA,"Standard","2026-08-31T09:29:09+07:00",2021,5,"Raize",67500
"945341943","Lexus LX600 2024 Bensin Mewah & Rapih!",2.95e+09,NA,"15.000-20.000",NA,NA,NA,NA,"Standard","2026-08-31T09:27:41+07:00",2024,2,"Lexus",17500
"947603994","Mercedes Benz C200 Exclusive Estate Wagon S205 Facelift NIK 2019",8.35e+08,NA,"15.000-20.000",NA,NA,NA,NA,"Standard","2026-08-20T17:09:36+07:00",2019,7,"Mercedes",17500
"947425154","(Low Km80ribu)(CASH)NISSAN GRAND LIVINA 1.5 SV AT Matic 2013",8.6e+07,NA,"75.000-80.000",NA,NA,NA,NA,"Standard","2026-08-12T14:56:52+07:00",2013,13,"(Low",77500
"947716030","[ KM LOW 3RB ] Chery Omoda C5 C 5 RZ Luxury 230T 1.5 Sunroof 2025 2026",2.69e+08,NA,"0-5.000",NA,NA,NA,NA,"Standard","2026-08-25T16:39:52+07:00",2025,1,"[",2500
"947792531","DP10% [Km24.000] Voxy 2021 Black Reg 2022 #AUTOHIGH",3.25e+08,NA,"15.000-20.000",NA,NA,NA,NA,"Standard","2026-08-28T23:16:08+07:00",2021,5,"DP10%",17500
"947841379","[Low Km 37rb] SUZUKI GRAND VITARA 1.5 GX HYBRID 2023",2.55e+08,NA,"35.000-40.000",NA,NA,NA,NA,"Standard","2026-08-31T13:15:08+07:00",2023,3,"[Low",37500
"947743041","Km 7 rb suzuki xl7 alpha hybrid two tone 2024 putih",2.35e+08,NA,"5.000-10.000",NA,NA,NA,NA,"Standard","2026-08-26T20:52:05+07:00",2024,2,"Km",7500
"947628383","KM38RB Mercedes Benz E350 EQ Boost AMG Line Black On Black NIK 2020",5.95e+08,NA,"35.000-40.000",NA,NA,NA,NA,"Standard","2026-08-21T17:08:16+07:00",2020,6,"KM38RB",37500
"947783354","[ LOW KM 32RB ] Mini Cooper MiniCooper Clubman 1.5 5 Door AT 2016 2017",3.9e+08,NA,"30.000-35.000",NA,NA,NA,NA,"Standard","2026-08-28T15:34:00+07:00",2016,10,"[",32500
"947738633","Toyota Voxy 2023",2.75e+08,NA,"5.000-10.000",NA,NA,NA,NA,"Standard","2026-08-30T10:21:46+07:00",2023,3,"Toyota",7500
"947739139","[LOW KM 26RB] Toyota Yaris Cross 1.5 GR Hybrid TSS Dual Tone 2023/2024",3.15e+08,NA,"25.000-30.000",NA,NA,NA,NA,"Standard","2026-08-26T16:59:45+07:00",2023,3,"[LOW",27500
"947245192","[ WELCAB - LOW KM 24RB ] Toyota Vellfire 2.5 G AT 2018/2019",5.9e+08,NA,"20.000-25.000",NA,NA,NA,NA,"Standard","2026-08-07T21:27:28+07:00",2018,8,"[",22500
"947566942","MOBIL LISTRIK DP 35JT NISSAN LEAF EV TWO TONE AT 2024 /2023 LOW KM11RB",2.75e+08,NA,"10.000-15.000",NA,NA,NA,NA,"Standard","2026-08-25T15:34:50+07:00",2024,2,"MOBIL",12500
"947569261","Toyota Land Cruiser LC300 VX-R NIK 2023 VXR LC 300 2024 GRS GR-S",1.986e+09,NA,"5.000-10.000",NA,NA,NA,NA,"Standard","2026-08-19T11:28:19+07:00",2023,3,"Toyota",7500
"943621485","DP10% [Km19.000] Jeep Wrangler Rubicon 2018 White Reg 2019 #AUTOHIGH",1.45e+09,NA,"5.000-10.000",NA,NA,NA,NA,"Standard","2026-08-07T16:17:56+07:00",2018,8,"DP10%",7500
"947777542","Honda HR-V SE 1.5 AT Sensing 2022 Abu-Abu",2.9e+08,NA,"50.000-55.000",NA,NA,NA,NA,"Standard","2026-08-28T12:08:16+07:00",2022,4,"Honda",52500
"947281525","[ BERGARANSI ] Mercedes Benz Mercy GLC200 GLC 200 AMG X253 2018/2019",3.49e+08,NA,"90.000-95.000",NA,NA,NA,NA,"Standard","2026-08-06T12:51:13+07:00",2018,8,"[",92500
"947246370","[ BERGARANSI ] Toyota Camry 2.5 Hybrid TSS Sunroof JBL AT 2023/2024",4.5e+08,NA,"45.000-50.000",NA,NA,NA,NA,"Standard","2026-08-05T10:35:08+07:00",2023,3,"[",47500
"947396585","TOYOTA LAND CRUISER PRADO 2010 2.7 AT 4×4 SUNROOF & GOOD CONDITION",4.15e+08,NA,"110.000-115.000",NA,NA,NA,NA,"Standard","2026-08-11T13:52:26+07:00",2010,16,"TOYOTA",112500
"947825424","Honda HR-V 2023 Bensin",3.25e+08,NA,"15.000-20.000",NA,NA,NA,NA,"Standard","2026-08-30T15:33:40+07:00",2023,3,"Honda",17500
"946621507","[ TDP 30 JT ] VW NEW TIGUAN 1.4 TSI ALLSPACE 2021",2.99e+08,NA,"80.000-85.000",NA,NA,NA,NA,"Standard","2026-08-14T14:28:01+07:00",2021,5,"[",82500
"947562148","BMW 320i 2018 Luxury, Low odo 35rb",3.2e+08,NA,"30.000-35.000",NA,NA,NA,NA,"Standard","2026-08-19T01:13:47+07:00",2018,8,"BMW",32500
"947233721","[ 4x4 - KM 3RB ] BAIC BJ40 BJ 40 Plus 2.0 Turbo AT 2025/2026",5.2e+08,NA,"0-5.000",NA,NA,NA,NA,"Standard","2026-08-12T15:46:49+07:00",2025,1,"[",2500
"947544576","TANGAN PERTAMA BMW X1 F48 Facelift LCI  sDrive18i xLine 2020",3.99e+08,NA,"5.000-10.000",NA,NA,NA,NA,"Standard","2026-08-18T10:54:28+07:00",2020,6,"TANGAN",7500
"947288515","[GARANSI 5TH] Mitsubishi Pajero Sport Dakar 2,4 4x2 Sunroof 2022/2023",4.25e+08,NA,"45.000-50.000",NA,NA,NA,NA,"Standard","2026-08-06T16:43:12+07:00",2022,4,"[GARANSI",47500
"947230555","[ LOW KM 2RB ] Mitsubishi Destinator 1.5 Ultimate Premium DS 2025/2026",4.29e+08,NA,"0-5.000",NA,NA,NA,NA,"Standard","2026-08-04T15:29:44+07:00",2025,1,"[",2500
"947664576","Mirage 1.2 GLS AT 2014 TDP15jt Mitsubishi Matic 2014 NIK 2013",8.4e+07,NA,"140.000-145.000",NA,NA,NA,NA,"Standard","2026-08-31T09:20:16+07:00",2014,12,"Mirage",142500
"947460020","Km 26rb hyundai ioniq 5 ev long range signature 2022 abu silver",4e+08,NA,"25.000-30.000",NA,NA,NA,NA,"Standard","2026-08-13T23:16:36+07:00",2022,4,"Km",27500
"946911826","TAMPIL CANTIK! DENGAN TREN WARNA MASA KINI. X1 XLINE 2024 U11 TERBARU",7.49e+08,NA,"15.000-20.000",NA,NA,NA,NA,"Standard","2026-08-26T12:59:07+07:00",2024,2,"TAMPIL",17500
"944142884","2013[7 RB MILES]RANGE ROVER EVOQUE ! LOW KM ANTIK! Range rover evoque",3.75e+08,NA,"5.000-10.000",NA,NA,NA,NA,"Standard","2026-08-27T10:13:38+07:00",2013,13,"2013[7",7500
"947688007","[ LIKE NEW CONDITION ] BMW 320i 320 i M Sport LCi G20 AT 2024 2025",6.8e+08,NA,"15.000-20.000",NA,NA,NA,NA,"Standard","2026-08-26T11:48:27+07:00",2024,2,"[",17500
"945566217","Wuling Binguo EV Pro Premium Range AT Coklat Muda 2024 Like New Record",1.85e+08,NA,"25.000-30.000",NA,NA,NA,NA,"Standard","2026-08-29T11:09:11+07:00",2024,2,"Wuling",27500
"947802252","[ BERGARANSI ] Toyota Innova Zenix Q Hybrid 2.0 Modelista 2023/2024",4.39e+08,NA,"55.000-60.000",NA,NA,NA,NA,"Standard","2026-08-29T12:39:38+07:00",2023,3,"[",57500
"947669714","DP 10JT SAJA TOYOTA VOXY 2.0 AT MATIC AUTOMATIC 2018 PUTIH SIAP PAKAI",2.25e+08,NA,"110.000-115.000",NA,NA,NA,NA,"Standard","2026-08-23T15:19:33+07:00",2018,8,"DP",112500
"947336193","[ BERGARANSI ] BYD Sealion 7 Premium RWD AT 2025/2026",5.5e+08,NA,"15.000-20.000",NA,NA,NA,NA,"Standard","2026-08-08T17:10:58+07:00",2025,1,"[",17500
"947720321","Cash ! Innova Zenix V hybrid 2023",3.97e+08,NA,"80.000-85.000",NA,NA,NA,NA,"Standard","2026-08-25T20:25:21+07:00",2023,3,"Cash",82500
"947549102","KM 23 ribu Toyota Yaris Cross Hybrid 2023",3.2e+08,NA,"15.000-20.000",NA,NA,NA,NA,"Standard","2026-08-20T23:02:15+07:00",2023,3,"KM",17500
"947402564","[ BERGARANSI ] Hyundai Ioniq 5 Long Range Signature EV 2023/2024",4.15e+08,NA,"35.000-40.000",NA,NA,NA,NA,"Standard","2026-08-11T17:16:15+07:00",2023,3,"[",37500
"947699089","DP10% [Km13.000] GLA200 AMG 2024 Black / GLA 200 Reg 2025 #AUTOHIGH",7.2e+08,NA,"5.000-10.000",NA,NA,NA,NA,"Standard","2026-08-24T21:57:16+07:00",2024,2,"DP10%",7500
"947553142","Siap Pakai!!! Hyundai Kona Signature Long Range 2024",3.35e+08,NA,"30.000-35.000",NA,NA,NA,NA,"Standard","2026-08-19T10:42:32+07:00",2024,2,"Siap",32500
"947420340","[LOW KM 8RB] Mercedes Benz Mercy C 200 C200 Avantgarde W206 2024/2025",7.3e+08,NA,"5.000-10.000",NA,NA,NA,NA,"Standard","2026-08-12T12:34:23+07:00",2024,2,"[LOW",7500
"947062491","Chevrolet Trax 1.4 Turbo Premier Facelift Sunroof AT Abu 2019 Garansi",1.35e+08,NA,"70.000-75.000",NA,NA,NA,NA,"Standard","2026-08-29T00:35:50+07:00",2019,7,"Chevrolet",72500
"947251739","[ 4x4 - LOW KM 3RB ] BAIC BJ40 BJ 40 Plus 2.0 Turbo AWD 2024/2025",4.65e+08,NA,"0-5.000",NA,NA,NA,NA,"Standard","2026-08-11T21:18:34+07:00",2024,2,"[",2500
"946060109","Chery Tiggo 8 CSH Premium 1.5 Turbo Hybrid Panoramic 2025 Like New",4.25e+08,NA,"0-5.000",NA,NA,NA,NA,"Standard","2026-08-20T11:19:22+07:00",2025,1,"Chery",2500
"947722552","Lexus LX600 VIP 2+2 4 Seat AWD 4x4 AT Hitam Metalik NIK 2023 Like New",2.445e+09,NA,"40.000-45.000",NA,NA,NA,NA,"Standard","2026-08-25T23:06:16+07:00",2023,3,"Lexus",42500
"947406709","[ LOW KM 16RB ] Mercedes Benz Mercy GLA200 GLA 200 AMG H247 2022/2023",5.6e+08,NA,"15.000-20.000",NA,NA,NA,NA,"Standard","2026-08-11T20:36:14+07:00",2022,4,"[",17500
"947610858","Mitsubishi Xpander Ultimate 1.5 Facelift Putih 2022 NIK 2021 Like New",2.05e+08,NA,"100.000-105.000",NA,NA,NA,NA,"Standard","2026-08-20T23:56:16+07:00",2022,4,"Mitsubishi",102500
"947262239","BMW X3 sDrive20i xline 2019 odo 23rb tangan pertama no minus perfect",4.35e+08,NA,"20.000-25.000",NA,NA,NA,NA,"Standard","2026-08-05T20:10:43+07:00",2019,7,"BMW",22500
"947334838","[ LOW KM 28RB ] Lexus ES300 ES 300 Hybrid Ultra Luxury 2020/2021",6.45e+08,NA,"25.000-30.000",NA,NA,NA,NA,"Standard","2026-08-08T16:07:03+07:00",2020,6,"[",27500
"947689995","[ GARANSI 5TH ] Mazda CX5 CX 5 CX-5 Kuro Edition AWD Sunroof 2024 2025",4.25e+08,NA,"35.000-40.000",NA,NA,NA,NA,"Standard","2026-08-26T12:34:37+07:00",2024,2,"[",37500
"945936166","HONDA CRV PRESTIGE SENSING 2021",3.85e+08,NA,"80.000-85.000",NA,NA,NA,NA,"Standard","2026-08-26T07:29:06+07:00",2021,5,"HONDA",82500
"947518447","TOYOTA YARIS CROSS 1.5 GR TSS HYBRID 2023 LOW ODO PUTIH",3.15e+08,NA,"20.000-25.000",NA,NA,NA,NA,"Standard","2026-08-16T17:29:52+07:00",2023,3,"TOYOTA",22500
"947382939","24 rb km E 350 amg eq boost 2020 nik 2019 hitam E350 black mercy antik",6.1e+08,NA,"20.000-25.000",NA,NA,NA,NA,"Standard","2026-08-10T21:07:24+07:00",2020,6,"24",22500
"947628621","[ LOW KM 7RB ] Mitsubishi XForce X Force Ultimate DS 1.5 AT 2024/2025",2.85e+08,NA,"5.000-10.000",NA,NA,NA,NA,"Standard","2026-08-21T17:16:50+07:00",2024,2,"[",7500
"947629244","BMW E84 X1 SDrive 1.8i 2012",1.35e+08,NA,"70.000-75.000",NA,NA,NA,NA,"Standard","2026-08-29T21:27:35+07:00",2012,14,"BMW",72500
"946401750","Lexus NX 300 T 2018 Hitam",4.25e+08,NA,"65.000-70.000",NA,NA,NA,NA,"Standard","2026-08-30T10:33:35+07:00",2018,8,"Lexus",67500
"945319302","Mercedes Benz GT53 AMG 2021 odo 3rb tangan pertama like new no minus",1.7e+09,NA,"0-5.000",NA,NA,NA,NA,"Standard","2026-08-09T23:55:12+07:00",2021,5,"Mercedes",2500
"947428183","[ GARANSI 5TH ] Mazda CX5 CX 5 CX-5 Kuro Edition 2022/2023",3.85e+08,NA,"30.000-35.000",NA,NA,NA,NA,"Standard","2026-08-12T16:40:36+07:00",2022,4,"[",32500
"947205663","Toyota Fortuner 2.4 VRZ TRD 2019 Mint Condition",3.35e+08,NA,"55.000-60.000",NA,NA,NA,NA,"Standard","2026-08-25T12:12:55+07:00",2019,7,"Toyota",57500
"946960117","DP10% [Km6.000] GLE450 AMG 2023 Black / GLE 450 Reg 2022 #AUTOHIGH",1.35e+09,NA,"0-5.000",NA,NA,NA,NA,"Standard","2026-08-23T11:06:12+07:00",2023,3,"DP10%",2500
"947696671","FS: Mercedes E240 thn 2001, langsung pemakai, super antik!",1.85e+08,NA,"35.000-40.000",NA,NA,NA,NA,"Standard","2026-08-24T19:39:58+07:00",2001,25,"FS:",37500
"947608278","Odo 5 ribu Mercedes Benz E 200 2022",5.55e+08,NA,"0-5.000",NA,NA,NA,NA,"Standard","2026-08-20T23:08:08+07:00",2022,4,"Odo",2500
"947723549","[ GARANSI 5TH ] Nissan Terra VL 2,5 4x2 Diesel AT 2018/2019",2.69e+08,NA,"65.000-70.000",NA,NA,NA,NA,"Standard","2026-08-26T01:54:01+07:00",2018,8,"[",67500
"947678516","(Joss) Lexus RX300 F Sport 2.0 AT 2022 Tgn1 Ada Paket Kredit Menarik",8.8e+08,NA,"40.000-45.000",NA,NA,NA,NA,"Standard","2026-08-24T05:53:12+07:00",2022,4,"(Joss)",42500
"945270647","Mercedes Benz GLE400 Coupe AMG 2017 Hitam Mercy B100MNG Km31rb Nik 201",6.5e+08,NA,"30.000-35.000",NA,NA,NA,NA,"Standard","2026-08-24T16:46:56+07:00",2017,9,"Mercedes",32500
"947691596","[ LOW KM ] BMW X1 X 1 sDrive 1.8i XLine F48 Panoramic AT 2019 2020",2.85e+08,NA,"65.000-70.000",NA,NA,NA,NA,"Standard","2026-08-26T00:12:07+07:00",2019,7,"[",67500
"945600494","[LOW KM] Mitsubishi Pajero Sport 2.4 Dakar 2021",4.35e+08,NA,"35.000-40.000",NA,NA,NA,NA,"Standard","2026-08-26T14:13:16+07:00",2021,5,"[LOW",37500
"947042425","TDP 20.JT| HRV E CVT 1.5 AT 2018 HITAM FACELIFT SEGER ISTIMEWA !!",1.88e+08,NA,"90.000-95.000",NA,NA,NA,NA,"Standard","2026-08-27T11:48:49+07:00",2018,8,"TDP",92500
"947698590","DP10% [Km6.000] C300 AMG 2023 White Reg 2024 #AUTOHIGH",8.65e+08,NA,"0-5.000",NA,NA,NA,NA,"Standard","2026-08-24T21:24:49+07:00",2023,3,"DP10%",2500
"940424367","Renault Triber RXZ AT 2022 FullOriginal SepertiBaru Gressss Istimewa",8.8e+07,NA,"50.000-55.000",NA,NA,NA,NA,"Standard","2026-08-18T09:17:19+07:00",2022,4,"Renault",52500
"947815143","[ AWD - KM 10RB ] Mazda CX5 CX 5 CX-5 Kuro Edition Sunroof 2024/2025",4.59e+08,NA,"5.000-10.000",NA,NA,NA,NA,"Standard","2026-08-30T01:10:37+07:00",2024,2,"[",7500
"947774256","Km 20rb Honda CRV Prestige Fender 2017 2.4 Cash record tangan pertama",2.39e+08,NA,"15.000-20.000",NA,NA,NA,NA,"Standard","2026-08-30T12:41:20+07:00",2017,9,"Km",17500
"947780999","Toyota Kijang Innova Reborn 2019 G AT Automatic model 2018 V 2017 lux",2.08e+08,NA,"55.000-60.000",NA,NA,NA,NA,"Standard","2026-08-28T14:19:40+07:00",2019,7,"Toyota",57500
"947425636","{TANGAN PERTAMA KM59rb RECORD} RARE!!! HONDA HRV 1.8 PRESTIGE 2016",1.95e+08,NA,"55.000-60.000",NA,NA,NA,NA,"Standard","2026-08-25T14:31:12+07:00",2016,10,"{TANGAN",57500
"947518257","BYD SEAL PREMIUM EV 2024 LOW ODO LISTRIK SEDAN",4.45e+08,NA,"25.000-30.000",NA,NA,NA,NA,"Standard","2026-08-16T17:15:44+07:00",2024,2,"BYD",27500
"947425021","TOYOTA LAND CRUISER SAHARA DIESEL 2010 DIJUAL CEPAT",7.9e+08,NA,"70.000-75.000",NA,NA,NA,NA,"Standard","2026-08-12T14:52:46+07:00",2010,16,"TOYOTA",72500
"947123869","[KM 8 RB] Subaru WRX TS Wagon Eyesight AWD 2023/20254 Antik Like New!",6.75e+08,NA,"0-5.000",NA,NA,NA,NA,"Standard","2026-08-30T13:01:01+07:00",2023,3,"[KM",2500
"947712557","[ KM LOW ] Toyota Land Cruiser LC 300 GR Sport GR-S TSS 2023 2024",1.99e+09,NA,"15.000-20.000",NA,NA,NA,NA,"Standard","2026-08-25T14:03:10+07:00",2023,3,"[",17500
"947648922","CUMA 85JT!! BMW X4 XDRIVE 30i M-SPORT 2022 A/T",8.45e+08,NA,"10.000-15.000",NA,NA,NA,NA,"Standard","2026-08-22T15:30:38+07:00",2022,4,"CUMA",12500
"947578620","[ GARANSI 5TH ] Toyota Alphard 2.5 G TSS Pilot Seat AT 2023/2024",7.7e+08,NA,"40.000-45.000",NA,NA,NA,NA,"Standard","2026-08-19T16:40:53+07:00",2023,3,"[",42500
"947525844","Toyota camry hybrid tss sunroof jbl 2022 hitam",4.2e+08,NA,"60.000-65.000",NA,NA,NA,NA,"Standard","2026-08-17T09:34:55+07:00",2022,4,"Toyota",62500
"947714154","Hyundai Palisade Signature 2.2 CRD-i NIK 2021",4.3e+08,NA,"90.000-95.000",NA,NA,NA,NA,"Standard","2026-08-25T15:15:40+07:00",2021,5,"Hyundai",92500
"947690042","[ KM LOW 28RB ] Lexus ES300 ES 300 Hybrid Ultra Luxury AT 2019/2020",6.05e+08,NA,"25.000-30.000",NA,NA,NA,NA,"Standard","2026-08-25T16:46:51+07:00",2019,7,"[",27500
"944324761","Hyundai Palisade 2.2 Signature Diesel Blue On White 2024 NIK 2023",6.6e+08,NA,"30.000-35.000",NA,NA,NA,NA,"Standard","2026-08-11T23:29:56+07:00",2024,2,"Hyundai",32500
"947303351","Mercedes Benz A 200 Sedan 2014",5.6e+08,NA,"15.000-20.000",NA,NA,NA,NA,"Standard","2026-08-07T11:41:58+07:00",2014,12,"Mercedes",17500
"946373562","MG 5 GT (1.500CC) IGNITE AT 2023 - SIAP PAKAI & TERAWAT",2.15e+08,NA,"65.000-70.000",NA,NA,NA,NA,"Standard","2026-08-30T14:57:28+07:00",2023,3,"MG",67500
"945628349","JUAL CEPAT [ISTIMEWA] Mercedes-Benz GL350 CDI Diesel 2014",4.75e+08,NA,"45.000-50.000",NA,NA,NA,NA,"Standard","2026-08-22T08:09:44+07:00",2014,12,"JUAL",47500
"945607334","[ LOW KM 9RB ] Honda Accord 2.0 RS E-HEV Hybrid Sensing 2024 2025",6.98e+08,NA,"5.000-10.000",NA,NA,NA,NA,"Standard","2026-08-06T15:11:46+07:00",2024,2,"[",7500
"947543532","VELLFIRE 2.5 G ATPM NIK 2019",4.99e+08,NA,"110.000-115.000",NA,NA,NA,NA,"Standard","2026-08-18T10:19:07+07:00",2019,7,"VELLFIRE",112500
"947335539","[ GARANSI 5TH ] Toyota Alphard 2.5 G ATPM TSS Pilot Seat 2022 2023",7.2e+08,NA,"40.000-45.000",NA,NA,NA,NA,"Standard","2026-08-08T16:39:49+07:00",2022,4,"[",42500
"947732193","[ GARANSI 5TH ] Nissan Magnite Premium 1.0 Turbo Two Tone AT 2023/2024",1.7e+08,NA,"20.000-25.000",NA,NA,NA,NA,"Standard","2026-08-26T12:26:17+07:00",2023,3,"[",22500
"947313431","Mercedes-Benz GLE COUPE 3.0 (C292) AT 2019 HITAM #CLK#",6.99e+08,NA,"30.000-35.000",NA,NA,NA,NA,"Standard","2026-08-07T17:45:44+07:00",2019,7,"Mercedes-Benz",32500
"947423982","[ GARANSI 5TH ] Toyota Alphard 2.5 G AT Pilot Seat 2018/2019 Black",5.4e+08,NA,"50.000-55.000",NA,NA,NA,NA,"Standard","2026-08-12T14:21:17+07:00",2018,8,"[",52500
"947286277","[ KM LOW ] Hyundai Santafe Santa Fe Calligraphy Hybrid 2024/2025",6.85e+08,NA,"10.000-15.000",NA,NA,NA,NA,"Standard","2026-08-14T22:15:47+07:00",2024,2,"[",12500
"947368114","Mazda CX-5 Elite 2.5 Skyaktiv Automatic 2024 Nik 2023",3.55e+08,NA,"20.000-25.000",NA,NA,NA,NA,"Standard","2026-08-29T11:35:00+07:00",2024,2,"Mazda",22500
"946980378","Lexus LX700H Hybrid AT 7-Seater 2026 Hitam KM 54 Perak B989RC Nik 2025",3.9e+09,NA,"0",NA,NA,NA,NA,"Standard","2026-08-24T15:40:30+07:00",2026,0,"Lexus",0
"947425341","[ GARANSI 5TH ] Mazda CX5 CX 5 CX-5 Kuro Edition 2022/2023",3.85e+08,NA,"25.000-30.000",NA,NA,NA,NA,"Standard","2026-08-12T15:52:55+07:00",2022,4,"[",27500
"947422617","Hyundai Creta 1.5 Trend AT 2022 termurah",1.88e+08,NA,"40.000-45.000",NA,NA,NA,NA,"Standard","2026-08-29T17:34:28+07:00",2022,4,"Hyundai",42500
"947302416","Lexus GS300 2007 Automatic Hitam",1.59e+08,NA,"125.000-130.000",NA,NA,NA,NA,"Standard","2026-08-07T11:09:18+07:00",2007,19,"Lexus",127500
"947694309","CAMRY V 2021 FACELIFT",3.17e+08,NA,"70.000-75.000",NA,NA,NA,NA,"Standard","2026-08-24T17:40:41+07:00",2021,5,"CAMRY",72500
"947277994","[ AWD - KM 2RB ] BYD Sealion 7 Performance 4.5s AT 2025 2026",6.45e+08,NA,"0-5.000",NA,NA,NA,NA,"Standard","2026-08-06T11:09:26+07:00",2025,1,"[",2500
"947410915","[ GARANSI 5TH ] Hyundai Palisade Signature 2,2 Panoramic AT 2023/2024",6.65e+08,NA,"25.000-30.000",NA,NA,NA,NA,"Standard","2026-08-12T04:02:29+07:00",2023,3,"[",27500
"947697761","DP10% [Km2.000] E200 Exclusive 2025 Black Reg 2024 #AUTOHIGH",1.195e+09,NA,"0-5.000",NA,NA,NA,NA,"Standard","2026-08-24T20:36:07+07:00",2025,1,"DP10%",2500
"947802451","[LOW KM] Lexus Rx200 T F Sport AT 2017 Pajak Panjang",5.1e+08,NA,"45.000-50.000",NA,NA,NA,NA,"Standard","2026-08-29T12:48:26+07:00",2017,9,"[LOW",47500
"947620763","FORD MUSTANG ECOBOOST HIGH PERFORMANCE 2.3 AT 2023",1.295e+09,NA,"0-5.000",NA,NA,NA,NA,"Standard","2026-08-21T13:08:05+07:00",2023,3,"FORD",2500
"947642317","(LOW KM.26RB) TOYOTA FJ CRUISER 2017 TIPE TERLENGKAP 4×4 OFFROAD ANTIK",1.575e+09,NA,"25.000-30.000",NA,NA,NA,NA,"Standard","2026-08-25T15:28:54+07:00",2017,9,"(LOW",27500
"947457324","BMW 320i 2020 Bensin",3.85e+08,NA,"0",NA,NA,NA,NA,"Standard","2026-08-26T17:38:37+07:00",2020,6,"BMW",0
"947712276","Honda Freed 2012 Bensin",1.2e+08,NA,"135.000-140.000",NA,NA,NA,NA,"Standard","2026-08-25T14:51:42+07:00",2012,14,"Honda",137500
"947483884","DP10% [Km10.000] GLC300 AMG 2023 Black / GLC 300 Reg 2025 #AUTOHIGH",1.115e+09,NA,"0-5.000",NA,NA,NA,NA,"Standard","2026-08-14T22:17:06+07:00",2023,3,"DP10%",2500
"947376185","Honda HRV E AT 2016 at Istimewa Low KM #LDK#",1.69e+08,NA,"105.000-110.000",NA,NA,NA,NA,"Standard","2026-08-10T16:05:33+07:00",2016,10,"Honda",107500
"947736303","CRETA PRIME TWO TONE 1.5 2024
MATIC",2.57e+08,NA,"20.000-25.000",NA,NA,NA,NA,"Standard","2026-08-26T15:14:20+07:00",2024,2,"CRETA",22500
"947804403","(Warranty ON!) BMW X1 sDrive18i xLine U11 2023 GLA200 218i Tiguan X3",5.55e+08,NA,"25.000-30.000",NA,NA,NA,NA,"Standard","2026-08-29T14:00:03+07:00",2023,3,"(Warranty",27500
"947737947","[LOW KM 26RB] Toyota Yaris Cross 1.5 GR Hybrid TSS Dual Tone 2023/2024",3.15e+08,NA,"25.000-30.000",NA,NA,NA,NA,"Standard","2026-08-29T14:47:59+07:00",2023,3,"[LOW",27500
"947404541","Toyota Vellfire G ATPM 2015 AT 2.5, Km 90Ribu, Pajak Panjang (Alphard)",3.85e+08,NA,"85.000-90.000",NA,NA,NA,NA,"Standard","2026-08-11T19:07:22+07:00",2015,11,"Toyota",87500
"947700716","[ GARANSI 5TH ] Toyota CHR C-HR 1.8 Non Hybrid AT 2018/2019",2.29e+08,NA,"45.000-50.000",NA,NA,NA,NA,"Standard","2026-08-28T21:22:14+07:00",2018,8,"[",47500
"947546908","Honda Jazz GK5 1.5 RS CVT Matic 2019 Kuning. LOW KM RECORD!!!",2.13e+08,NA,"35.000-40.000",NA,NA,NA,NA,"Standard","2026-08-31T10:13:42+07:00",2019,7,"Honda",37500
"947823762","Honda City Hatcback 1.5 RS AT 2021 Abu",193750000,NA,"55.000-60.000",NA,NA,NA,NA,"Standard","2026-08-30T14:05:02+07:00",2021,5,"Honda",57500
"947157171","[KM ANTIK 18RB] Mercedes Benz Mercy CLA200 CLA 200 AMG C118 2020/2021",5.1e+08,NA,"15.000-20.000",NA,NA,NA,NA,"Standard","2026-08-01T11:50:20+07:00",2020,6,"[KM",17500
"947231332","[ GARANSI 5TH ] Hyundai Palisade Signature 2.2 Panoramic AT 2023/2024",6.5e+08,NA,"45.000-50.000",NA,NA,NA,NA,"Standard","2026-08-04T15:52:33+07:00",2023,3,"[",47500
"947247132","[ BERGARANSI ] Toyota Camry 2.5 Hybrid TSS Sunroof JBL AT 2023 2024",4.5e+08,NA,"45.000-50.000",NA,NA,NA,NA,"Standard","2026-08-05T10:58:58+07:00",2023,3,"[",47500
"945982605","Mazda CX5 Kuro 2023",4.15e+08,NA,"45.000-50.000",NA,NA,NA,NA,"Standard","2026-08-13T12:27:21+07:00",2023,3,"Mazda",47500
"947281306","[ GARANSI 5TH ] Hyundai Santafe Santa Fe 2.5 Prime Bensin 2023/2024",3.59e+08,NA,"35.000-40.000",NA,NA,NA,NA,"Standard","2026-08-06T12:41:57+07:00",2023,3,"[",37500
"947788138","BMW X5 XDrive Tahun 2010 Automatic Abu-abu Metalik",1.59e+08,NA,"125.000-130.000",NA,NA,NA,NA,"Standard","2026-08-28T19:04:59+07:00",2010,16,"BMW",127500
"947335363","BMW 116i 2012 Automatic Putih Metalik",1.99e+08,NA,"130.000-135.000",NA,NA,NA,NA,"Standard","2026-08-08T16:30:56+07:00",2012,14,"BMW",132500
"947813623","Toyota Corolla Altis 1.8 V AT 2020 ALL NEW MODEL Pake PRIBADI",2.49e+08,NA,"35.000-40.000",NA,NA,NA,NA,"Standard","2026-08-29T22:14:10+07:00",2020,6,"Toyota",37500
"947745758","Mercedes benz c230 sport 2007 siap pakai",7.5e+07,NA,"80.000-85.000",NA,NA,NA,NA,"Standard","2026-08-27T00:30:55+07:00",2007,19,"Mercedes",82500
"947232854","[ KM 700 PERAK ] Mitsubishi Destinator 1.5 Ultimate DS 2025/2026",4.29e+08,NA,"0-5.000",NA,NA,NA,NA,"Standard","2026-08-07T21:51:02+07:00",2025,1,"[",2500
"947285216","[ GARANSI 5TH ] Honda CRV CR-V CR V Turbo Prestige Sensing 2021/2022",3.85e+08,NA,"35.000-40.000",NA,NA,NA,NA,"Standard","2026-08-06T14:54:09+07:00",2021,5,"[",37500
"943923901","Alphard G ATPM 2.5 NIK 2021",7.3e+08,NA,"35.000-40.000",NA,NA,NA,NA,"Standard","2026-08-20T06:45:11+07:00",2021,5,"Alphard",37500
"947697693","DP10% [Km2.000] E200 Exclusive 2025 Black Reg 2026 #AUTOHIGH",1.195e+09,NA,"0-5.000",NA,NA,NA,NA,"Standard","2026-08-24T20:32:36+07:00",2025,1,"DP10%",2500
"946973494","[ VIP 2+2 - 4x4 ] Lexus LX 600 LX600 4 Seat AT Hitam 2023/2024",2.445e+09,NA,"40.000-45.000",NA,NA,NA,NA,"Standard","2026-08-28T16:05:01+07:00",2023,3,"[",42500
"947434770","DP10% [Km4.000] C300 AMG 2023 Black Reg 2024 #AUTOHIGH",8.65e+08,NA,"0-5.000",NA,NA,NA,NA,"Standard","2026-08-12T22:16:08+07:00",2023,3,"DP10%",2500
"946115689","Toyota Raize 1.0 Turbo S CVT GR Sport Non TSS AT Kuning 2025 Like New",2.2e+08,NA,"5.000-10.000",NA,NA,NA,NA,"Standard","2026-08-20T12:19:01+07:00",2025,1,"Toyota",7500
"947671317","[LOW KM] HONDA JAZZ RS CVT 2014 SILVER ISTIMEWA TT 2015 AT",1.5e+08,NA,"95.000-100.000",NA,NA,NA,NA,"Standard","2026-08-25T17:46:36+07:00",2014,12,"[LOW",97500
"947228373","[ KM LOW 17RB ] BMW X3 X 3 xDrive30i M Sport G01 LCi AT 2022/2023",7.7e+08,NA,"15.000-20.000",NA,NA,NA,NA,"Standard","2026-08-04T14:20:10+07:00",2022,4,"[",17500
"944505504","DP10% [Km8.000] 520i M-Sport 2023 Black Reg 2022 #AUTOHIGH",7.75e+08,NA,"0-5.000",NA,NA,NA,NA,"Standard","2026-08-16T11:06:44+07:00",2023,3,"DP10%",2500
"946935444","KM Low Wuling Almaz RS 2021 Istimewa #BJM1#",1.58e+08,NA,"70.000-75.000",NA,NA,NA,NA,"Standard","2026-08-22T10:27:18+07:00",2021,5,"KM",72500
"946581386","Mercedes Benz GLA200 AMG 2016/2017/AMG Line/Low KM/",2.89e+08,NA,"45.000-50.000",NA,NA,NA,NA,"Standard","2026-08-21T12:10:17+07:00",2016,10,"Mercedes",47500
"947660936","Honda Brio 2025 Type E Automatic",1.66e+08,NA,"15.000-20.000",NA,NA,NA,NA,"Standard","2026-08-29T10:31:42+07:00",2025,1,"Honda",17500
"947758557","Toyota Innova Venturer Diesel At 2021",3.8e+08,NA,"60.000-65.000",NA,NA,NA,NA,"Standard","2026-08-27T22:54:34+07:00",2021,5,"Toyota",62500
"947699861","[ BLACK EDITION ] Honda CRV CR-V CR V Turbo Prestige Sensing 2022/2023",4.35e+08,NA,"35.000-40.000",NA,NA,NA,NA,"Standard","2026-08-28T07:38:42+07:00",2022,4,"[",37500
"947305550","[ AWD - LOW KM ] BYD Sealion 7 Performance 4,5s AT Grey 2025/2026",6.37e+08,NA,"10.000-15.000",NA,NA,NA,NA,"Standard","2026-08-07T13:06:37+07:00",2025,1,"[",12500
"946851674","Fortuner 2022 GR",4.65e+08,NA,"55.000-60.000",NA,NA,NA,NA,"Standard","2026-08-10T17:47:40+07:00",2022,4,"Fortuner",57500
"942662780","Mercedes-Benz Tiger 280 1981 W123 Automatic Original",2.46e+08,NA,"110.000-115.000",NA,NA,NA,NA,"Standard","2026-08-24T17:18:03+07:00",1981,45,"Mercedes-Benz",112500
"946917602","[ 4x4 ] GWM Tank 500 HEV Hybrid 2.0 AWD AT 2024/2025 Hitam 26RB KM",7.65e+08,NA,"25.000-30.000",NA,NA,NA,NA,"Standard","2026-08-25T17:23:22+07:00",2024,2,"[",27500
"947640499","Low ODO 15rb Warranty ON! Mercedes Benz GLC200 AMG 2022 X5 RX300 X3",7.18e+08,NA,"5.000-10.000",NA,NA,NA,NA,"Standard","2026-08-22T10:25:48+07:00",2022,4,"Low",7500
"947229816","[ LOW KM 15RB ] Mitsubishi Pajero Sport Dakar 2.4 Sunroof 2024/2025",4.99e+08,NA,"15.000-20.000",NA,NA,NA,NA,"Standard","2026-08-07T22:23:20+07:00",2024,2,"[",17500
"947568911","Km 14 ribuan mercedes benz mercy c300 amg line 2023 hitam",7.99e+08,NA,"10.000-15.000",NA,NA,NA,NA,"Standard","2026-08-19T11:20:17+07:00",2023,3,"Km",12500
"947577106","Hyundai H-1 XG Diesel 2017 / 2018 AT 2.5, Low Km, Pajak Panjang",2.1e+08,NA,"90.000-95.000",NA,NA,NA,NA,"Standard","2026-08-26T01:15:58+07:00",2017,9,"Hyundai",92500
"947728948","MAZDA CX5 2.5 ELITE AT 2018 HITAM",2.6e+08,NA,"85.000-90.000",NA,NA,NA,NA,"Standard","2026-08-26T10:40:17+07:00",2018,8,"MAZDA",87500
"947075832","BMW F30 320i Sport Shadow 2020",3.4e+08,NA,"40.000-45.000",NA,NA,NA,NA,"Standard","2026-08-28T14:17:05+07:00",2020,6,"BMW",42500
"947573594","KM 30 ribu Chery J6 IWD 2025",4.45e+08,NA,"25.000-30.000",NA,NA,NA,NA,"Standard","2026-08-20T23:05:33+07:00",2025,1,"KM",27500
"947691116","[ RARE - ANTIK 34RB KM ] Toyota Crown Royal 3.5 Athlete G AT 2013/2014",4.95e+08,NA,"30.000-35.000",NA,NA,NA,NA,"Standard","2026-08-25T18:41:46+07:00",2013,13,"[",32500
"947329893","[ LOW KM 28RB ] Lexus ES300 ES 300 Hybrid Ultra Luxury 2020/2021",6.45e+08,NA,"25.000-30.000",NA,NA,NA,NA,"Standard","2026-08-10T11:40:47+07:00",2020,6,"[",27500
"947428528","[ 4x4 - LOW KM 3RB ] BAIC BJ40 BJ 40 Plus 2.0 Turbo AWD 2024/2025",4.65e+08,NA,"0-5.000",NA,NA,NA,NA,"Standard","2026-08-12T16:53:08+07:00",2024,2,"[",2500
"943582896","2026 Toyota Land Cruiser 71 SWB 3-Door Diesel AT Langka",2.95e+09,NA,"0-5.000",NA,NA,NA,NA,"Standard","2026-08-28T07:26:52+07:00",2026,0,"2026",2500
"947637710","Km 35rb honda crv turbo prestige sensing 2022 hitam black edition",4.35e+08,NA,"30.000-35.000",NA,NA,NA,NA,"Standard","2026-08-22T08:05:05+07:00",2022,4,"Km",32500
"947659738","[ KM LOW ] BYD Seal Premium EV AT Abu 2024/2025",4.55e+08,NA,"15.000-20.000",NA,NA,NA,NA,"Standard","2026-08-28T21:16:24+07:00",2024,2,"[",17500
"947777745","Toyota Alphard 2018 G ATPM",5.15e+08,NA,"55.000-60.000",NA,NA,NA,NA,"Standard","2026-08-28T12:19:24+07:00",2018,8,"Toyota",57500
"947435878","(KM12000)CHERY OMODA 5 RZ GT 1.6 AWD 2025 NIK 2024 SUNROOF TYPE TINGGI",2.25e+08,NA,"10.000-15.000",NA,NA,NA,NA,"Standard","2026-08-30T10:37:25+07:00",2025,1,"(KM12000)CHERY",12500
"947488499","KONDISI OK Honda City VTEC MATIC 2006",7.8e+07,NA,"145.000-150.000",NA,NA,NA,NA,"Standard","2026-08-15T09:23:23+07:00",2006,20,"KONDISI",147500
"947664003","[ISTIMEWA 1 TANGAN DARI BARU] BMW X3 3.0 2006 BENSIN",1.59e+08,NA,"85.000-90.000",NA,NA,NA,NA,"Standard","2026-08-23T11:06:59+07:00",2006,20,"[ISTIMEWA",87500
"947455152","KM.60rb Tangan 1 Mazda 6 2016 #BJM1#",2.25e+08,NA,"55.000-60.000",NA,NA,NA,NA,"Standard","2026-08-27T01:27:22+07:00",2016,10,"KM.60rb",57500
"947490233","Toyota Land Cruiser 300 GR Sport 2023 Odo 11 Ribu Record Antik Garansi",2e+09,NA,"10.000-15.000",NA,NA,NA,NA,"Standard","2026-08-30T15:18:12+07:00",2023,3,"Toyota",12500
"947688470","TERMURAH || BMW 320i Dynamic Sport G20 2021",4.65e+08,NA,"25.000-30.000",NA,NA,NA,NA,"Standard","2026-08-24T13:57:24+07:00",2021,5,"TERMURAH",27500
"947474233","Jual cepat pajero Sport 2016 dakar 4x2 AT",3.22e+08,NA,"170.000-175.000",NA,NA,NA,NA,"Standard","2026-08-25T19:23:09+07:00",2016,10,"Jual",172500
"947276068","KM.21RB TANGAN PERTAMA GARANSI 1TH PJG SUZUKI JIMNY 2024 ALLGRIP",3.85e+08,NA,"20.000-25.000",NA,NA,NA,NA,"Standard","2026-08-06T10:10:33+07:00",2024,2,"KM.21RB",22500
"947723499","[ KM LOW 3RB ] Chery Omoda C5 C 5 RZ Luxury 230T 1,5 Sunroof 2025/2026",2.69e+08,NA,"0-5.000",NA,NA,NA,NA,"Standard","2026-08-26T01:43:42+07:00",2025,1,"[",2500
"946983304","Toyota Kijang Innova G 2.0 automatic 2014",1.7e+08,NA,"135.000-140.000",NA,NA,NA,NA,"Standard","2026-08-30T19:30:02+07:00",2014,12,"Toyota",137500
"947711344","[BERGARANSI] INNOVA VENTURER 2.0 BENSIN MATIC TAHUN 2018 ABU METALIC",2.68e+08,NA,"95.000-100.000",NA,NA,NA,NA,"Standard","2026-08-29T11:52:53+07:00",2018,8,"[BERGARANSI]",97500
"947336964","[ BERGARANSI ] BYD Sealion 7 Premium RWD AT 2025/2026",5.5e+08,NA,"15.000-20.000",NA,NA,NA,NA,"Standard","2026-08-08T17:44:21+07:00",2025,1,"[",17500
"947319667","DP10% [Km7.000] C200 Avantgarde 2024 White Reg 2025 #AUTOHIGH",7.45e+08,NA,"0-5.000",NA,NA,NA,NA,"Standard","2026-08-26T17:10:07+07:00",2024,2,"DP10%",2500
"947776877","Xpander ultimate 1.5 Matic AT 2022 New Model",2.28e+08,NA,"55.000-60.000",NA,NA,NA,NA,"Standard","2026-08-28T11:43:29+07:00",2022,4,"Xpander",57500
"947587640","BMW X5 Facelift 2023",1.325e+09,NA,"20.000-25.000",NA,NA,NA,NA,"Standard","2026-08-31T12:09:07+07:00",2023,3,"BMW",22500
"947607937","Km 17Rb BMW X5 2022",8.95e+08,NA,"15.000-20.000",NA,NA,NA,NA,"Standard","2026-08-26T15:17:50+07:00",2022,4,"Km",17500
"947604273","KM16RB Mercedes Benz C200 Exclusive Estate Wagon S205 Facelift 2019",8.35e+08,NA,"15.000-20.000",NA,NA,NA,NA,"Standard","2026-08-20T17:20:53+07:00",2019,7,"KM16RB",17500
"947707038","Ford Ranger Raptor 2.0L Turbo Diesel Gray On Black Double Cabin 2024",9.65e+08,NA,"10.000-15.000",NA,NA,NA,NA,"Standard","2026-08-25T10:47:35+07:00",2024,2,"Ford",12500
"947397542","KM 25rb HRV SE cvt 2023 matic new honda HR-V Abu Spesial edition bs TT",3.1e+08,NA,"20.000-25.000",NA,NA,NA,NA,"Standard","2026-08-19T17:34:21+07:00",2023,3,"KM",22500
"947690395","KM 18RB Honda HRV 1.5 SE CVT 2024 Service Record",3.3e+08,NA,"15.000-20.000",NA,NA,NA,NA,"Standard","2026-08-24T15:00:29+07:00",2024,2,"KM",17500
"947232011","Honda Civic Hatchback 2018 Bensin",2.85e+08,NA,"65.000-70.000",NA,NA,NA,NA,"Standard","2026-08-14T21:15:27+07:00",2018,8,"Honda",67500
"947263086","Innova Diesel 2014 70rb KM Captain Seat",2.4e+08,NA,"70.000-75.000",NA,NA,NA,NA,"Standard","2026-08-28T13:26:05+07:00",2014,12,"Innova",72500
"946564970","DP10% [Km6.000] 330i M-Sport Pro 2025 Black Reg 2026 #AUTOHIGH",9.45e+08,NA,"0-5.000",NA,NA,NA,NA,"Standard","2026-08-06T12:30:54+07:00",2025,1,"DP10%",2500
"947687680","[ BERGARANSI ] Toyota Innova Zenix Q Hybrid Modelista TSS AT 2024/2025",4.4e+08,NA,"40.000-45.000",NA,NA,NA,NA,"Standard","2026-08-26T10:44:57+07:00",2024,2,"[",42500
"947408388","Mazda CX5 CX-5 Kuro Edition Putih 2022 Like New Low KM 30rb Record",3.85e+08,NA,"25.000-30.000",NA,NA,NA,NA,"Standard","2026-08-11T22:13:47+07:00",2022,4,"Mazda",27500
"947782081","Mercedes Benz C300 W205 Facelift AMG 2019",5.39e+08,NA,"30.000-35.000",NA,NA,NA,NA,"Standard","2026-08-28T14:53:39+07:00",2019,7,"Mercedes",32500
"947684964","Wuling Almaz RS Pro Hybrid 2.0 Panoramic AT Abu 2023 Like New Low KM",2.65e+08,NA,"20.000-25.000",NA,NA,NA,NA,"Standard","2026-08-24T11:50:03+07:00",2023,3,"Wuling",22500
"946935378","KM Low GRESS Hyundai Tucson GLS 2011 Matic #BJM1#",9.5e+07,NA,"115.000-120.000",NA,NA,NA,NA,"Standard","2026-08-27T00:38:22+07:00",2011,15,"KM",117500
"947798962","Kijang Kapsul SSX 1997 Bensin",5e+07,NA,"275.000-280.000",NA,NA,NA,NA,"Standard","2026-08-29T11:03:58+07:00",1997,29,"Kijang",277500
"947737492","Mercedes Benz E300 AMG FL 2021 odo 17rb Miles like new no minus",7.79e+08,NA,"15.000-20.000",NA,NA,NA,NA,"Standard","2026-08-26T15:48:39+07:00",2021,5,"Mercedes",17500
"944742418","Porsche Carrera 4S 2013 (SUPER LOW KM)",3.3e+09,NA,"5.000-10.000",NA,NA,NA,NA,"Standard","2026-08-27T05:30:05+07:00",2013,13,"Porsche",7500
"947841410","[ GARANSI 5TH ] Honda Accord 1.5 VTEC Turbo Sensing AT 2021/2022",3.75e+08,NA,"60.000-65.000",NA,NA,NA,NA,"Standard","2026-08-31T13:16:23+07:00",2021,5,"[",62500
"947841390","KIA SONET PREMIER SUNROOF 2022/2023 HITAM",1.96e+08,NA,"50.000-55.000",NA,NA,NA,NA,"Standard","2026-08-31T13:15:35+07:00",2022,4,"KIA",52500
"947841382","[ GARANSI 5TH ] Honda Accord 1.5 VTEC Turbo Sensing AT 2021/2022",3.75e+08,NA,"60.000-65.000",NA,NA,NA,NA,"Standard","2026-08-31T13:15:13+07:00",2021,5,"[",62500
"947307713","[ GARANSI 5TH ] Mitsubishi Pajero Sport Dakar Ultimate 4x2 2023/2024",4.15e+08,NA,"55.000-60.000",NA,NA,NA,NA,"Standard","2026-08-07T14:09:51+07:00",2023,3,"[",57500
"947815333","[ LOW KM 7RB ] Honda HRV HR-V HR V 1,5 RS Turbo Sensing AT 2024/2025",3.59e+08,NA,"5.000-10.000",NA,NA,NA,NA,"Standard","2026-08-30T01:55:45+07:00",2024,2,"[",7500
"946786863","Honda City Hatchback RS 2022",2.14e+08,NA,"35.000-40.000",NA,NA,NA,NA,"Standard","2026-08-28T12:09:13+07:00",2022,4,"Honda",37500
"947776404","[ Km 70 rb] Nissan Xtrail 2.0 AT 2015 2016",1.35e+08,NA,"65.000-70.000",NA,NA,NA,NA,"Standard","2026-08-28T11:24:40+07:00",2015,11,"[",67500
"947744253","TOYOTA ALL NEW ALTIS V AT 1.8 TAHUN 2015",1.45e+08,NA,"90.000-95.000",NA,NA,NA,NA,"Standard","2026-08-31T09:30:41+07:00",2015,11,"TOYOTA",92500
"946554666","Toyota Voxy 2022 Black Hitam 2021 Voxy Bekas 2023 Jual Cepat Bu",3.8e+08,NA,"50.000-55.000",NA,NA,NA,NA,"Standard","2026-08-06T23:45:50+07:00",2022,4,"Toyota",52500
"947371613","[ LOW KM ] Honda HRV HR-V HR V 1.5 RS Hybrid e HEV Sensing 2025/2026",4.05e+08,NA,"10.000-15.000",NA,NA,NA,NA,"Standard","2026-08-10T13:36:25+07:00",2025,1,"[",12500
"947161671","[ GARANSI 5TH ] Toyota Alphard 2.5 G ATPM TSS Pilot Seat 2022/2023",6.47e+08,NA,"75.000-80.000",NA,NA,NA,NA,"Standard","2026-08-01T14:43:31+07:00",2022,4,"[",77500
"947683872","LOW KM BYD SEALION 7 PREMIUM LISTRIK AT MATIC AUTOMATIC 2025",5.4e+08,NA,"10.000-15.000",NA,NA,NA,NA,"Standard","2026-08-24T11:12:11+07:00",2025,1,"LOW",12500
"947826503","Mitsubishi All New Triton Ultimate 2024 Putih ANTIK",4.8e+08,NA,"10.000-15.000",NA,NA,NA,NA,"Standard","2026-08-30T16:26:40+07:00",2024,2,"Mitsubishi",12500
"947382083","DP10% [Km24.000] GLC200 AMG 2019 White / GLC 200 Reg 2020 #AUTOHIGH",5.95e+08,NA,"15.000-20.000",NA,NA,NA,NA,"Standard","2026-08-19T23:54:18+07:00",2019,7,"DP10%",17500
"947783098","[KM 47rb ANTIK RECORD] Honda HRV 1.8 Prestige AT 2017",2.2e+08,NA,"45.000-50.000",NA,NA,NA,NA,"Standard","2026-08-28T15:25:38+07:00",2017,9,"[KM",47500
"947530710","Mercedes Benz C200 2023 Hitam Perfect Condition  -NIK 2023 -Odo 13rb M",6.65e+08,NA,"10.000-15.000",NA,NA,NA,NA,"Standard","2026-08-17T13:50:44+07:00",2023,3,"Mercedes",12500
"947758948","BMW X1 xLine 2021/ 2022 KM 4rb ANTIK",4.75e+08,NA,"0-5.000",NA,NA,NA,NA,"Standard","2026-08-27T14:55:49+07:00",2021,5,"BMW",2500
"947423472","[ GARANSI 5TH ] Toyota Voxy 2.0 CVT TSS Camera360 2023/2024",3.99e+08,NA,"15.000-20.000",NA,NA,NA,NA,"Standard","2026-08-12T14:08:36+07:00",2023,3,"[",17500
"947690546","[ RARE - ANTIK 34RB KM ] Toyota Crown Royal 3.5 Athlete G AT 2013 2014",4.95e+08,NA,"30.000-35.000",NA,NA,NA,NA,"Standard","2026-08-25T23:05:23+07:00",2013,13,"[",32500
"947791683","DP10% [Km2.000] Alphard G 2023 Black Reg 2024 #AUTOHIGH",8.95e+08,NA,"0-5.000",NA,NA,NA,NA,"Standard","2026-08-28T22:12:06+07:00",2023,3,"DP10%",2500
"947355501","[ GARANSI 5TH ] Mazda CX5 CX 5 CX-5 2.5 Kuro Edition Sunroof 2022/2023",3.75e+08,NA,"45.000-50.000",NA,NA,NA,NA,"Standard","2026-08-09T17:45:24+07:00",2022,4,"[",47500
"946321837","New Harrier 2.0 Thn 2014 CBU Japan",2.35e+08,NA,"100.000-105.000",NA,NA,NA,NA,"Standard","2026-08-30T10:42:32+07:00",2014,12,"New",102500
"947585839","DP10% [Km13.000] CRV Turbo 2024 Black / CR-V Reg 2023 #AUTOHIGH",6.15e+08,NA,"5.000-10.000",NA,NA,NA,NA,"Standard","2026-08-19T23:26:00+07:00",2024,2,"DP10%",7500
"947643278","Hatchback Keren | Honda City Hatchback RS Metik 2021 Hitam",1.98e+08,NA,"80.000-85.000",NA,NA,NA,NA,"Standard","2026-08-22T11:46:20+07:00",2021,5,"Hatchback",82500
"947711519","[ 4x4 - KM LOW 7RB ] Lexus LX 600 LX600 7 Seater F Sport AT 2023/2024",2.795e+09,NA,"5.000-10.000",NA,NA,NA,NA,"Standard","2026-08-28T15:50:04+07:00",2023,3,"[",7500
"947576808","Km 25rb toyota voxy upgrade lombardi 2021 hitam",2.99e+08,NA,"20.000-25.000",NA,NA,NA,NA,"Standard","2026-08-19T15:40:49+07:00",2021,5,"Km",22500
"947508841","Mitsubishi Outlander Sport 2016 Bensin",1.15e+08,NA,"90.000-95.000",NA,NA,NA,NA,"Standard","2026-08-17T12:38:52+07:00",2016,10,"Mitsubishi",92500
"947641087","Km 8rb gwm tank 500 hev hybrid 4x4 awd 2024 hitam",7.9e+08,NA,"5.000-10.000",NA,NA,NA,NA,"Standard","2026-08-22T10:43:42+07:00",2024,2,"Km",7500
"947229788","[ LOW KM 15RB ] Mitsubishi Pajero Sport Dakar 2.4 Sunroof 2024/2025",4.99e+08,NA,"15.000-20.000",NA,NA,NA,NA,"Standard","2026-08-04T15:03:00+07:00",2024,2,"[",17500
"947321559","(KM; 8rb) Hyundai Santa Fe 2.5 Calligraphy 2025 low km",6.45e+08,NA,"5.000-10.000",NA,NA,NA,NA,"Standard","2026-08-08T07:23:10+07:00",2025,1,"(KM;",7500
"946266439","Renault Triber RXZ 2022 AT LowKm FullOriginal",8.8e+07,NA,"40.000-45.000",NA,NA,NA,NA,"Standard","2026-08-24T08:52:12+07:00",2022,4,"Renault",42500
"947547948","[LOW ODO] BMW X1 1.8 sDrive xLine F48 2019",3.25e+08,NA,"30.000-35.000",NA,NA,NA,NA,"Standard","2026-08-18T12:51:25+07:00",2019,7,"[LOW",32500
"947305396","MITSUBISHI COLT DIESEL FE 71 LONG ENGKEL NIK 2019 PAJAK 01/27 CASH 268",2.48e+08,NA,"180.000-185.000",NA,NA,NA,NA,"Standard","2026-08-15T15:20:59+07:00",2019,7,"MITSUBISHI",182500
"947570963","Km 48rb toyota chr bensin non hybrid 2018 silver matic",2.29e+08,NA,"45.000-50.000",NA,NA,NA,NA,"Standard","2026-08-19T12:20:05+07:00",2018,8,"Km",47500
"947762580","MERCEDES BENZ C200 1.8 KOMPRESOR AVANTGARDE (AT) 2008 RARE COLOR",1.2e+08,NA,"90.000-95.000",NA,NA,NA,NA,"Standard","2026-08-27T17:05:59+07:00",2008,18,"MERCEDES",92500
"947422160","KM18RB Honda All New CRV 2.0 RS eHEV NIK 2023 Akhir Black On Black Tgn",5.75e+08,NA,"15.000-20.000",NA,NA,NA,NA,"Standard","2026-08-12T13:41:51+07:00",2023,3,"KM18RB",17500
"947790416","Km 44rb hyundai creta trend my own edition 2022 merah sunroof",2.25e+08,NA,"40.000-45.000",NA,NA,NA,NA,"Standard","2026-08-28T21:02:26+07:00",2022,4,"Km",42500
"947414319","DP 25,6JT KM.21RB HYUNDAI STARGAZER PRIME 2025 1.5 AT & PAJAK PANJANG",2.22e+08,NA,"20.000-25.000",NA,NA,NA,NA,"Standard","2026-08-12T09:35:53+07:00",2025,1,"DP",22500
"947693244","HONDA CITY RS NON SENSING 2023 HITAM SERVIS RECORD BERGARANSI",2.2e+08,NA,"25.000-30.000",NA,NA,NA,NA,"Standard","2026-08-24T16:48:57+07:00",2023,3,"HONDA",27500
"947714310","HYUNDAI CRETA PRIME 1.5 A/T 2022",2.35e+08,NA,"50.000-55.000",NA,NA,NA,NA,"Standard","2026-08-25T15:22:10+07:00",2022,4,"HYUNDAI",52500
"946575027","(KM 7rb) Lexus LX 600 VIP 4 seater 4x4 at 2023",3.15e+09,NA,"5.000-10.000",NA,NA,NA,NA,"Standard","2026-08-08T23:39:23+07:00",2023,3,"(KM",7500
"947733086","[BERGARANSI] LEXUS RX200T LUXURY TAHUN 2016 PUTIH GANJIL PERORANGAN",4.25e+08,NA,"75.000-80.000",NA,NA,NA,NA,"Standard","2026-08-26T13:04:46+07:00",2016,10,"[BERGARANSI]",77500
"947312138","[ 4x4 - KM 2RB ] Toyota Hilux 2.4 V DC Double Cabin Diesel 2025/2026",4.85e+08,NA,"0-5.000",NA,NA,NA,NA,"Standard","2026-08-08T05:50:13+07:00",2025,1,"[",2500
"947831658","• KM 23RB RECORD • BMW X5 XDRIVE35I XLINE BENSIN 2018 / 2019",4.45e+08,NA,"20.000-25.000",NA,NA,NA,NA,"Standard","2026-08-30T22:46:20+07:00",2018,8,"•",22500
"947329794","Nissan Serena (C27) 2.0 HighwayStar AT 2019 #CLK#",1.87e+08,NA,"105.000-110.000",NA,NA,NA,NA,"Standard","2026-08-22T13:55:02+07:00",2019,7,"Nissan",107500
"943054527","Km 4rb Toyota Agya 1.0 G Manual Th 2014 Setangan dari Baru! Full Ori!!",9.9e+07,NA,"0-5.000",NA,NA,NA,NA,"Standard","2026-08-16T07:27:05+07:00",2014,12,"Km",2500
"947013687","Biante 2.0 Km89rb 2013 FullOriginal SepertiBaru Gressss Istimewa Antik",9.8e+07,NA,"80.000-85.000",NA,NA,NA,NA,"Standard","2026-08-26T09:00:55+07:00",2013,13,"Biante",82500
"947573673","[ KM LOW 6RB ] Toyota Yaris Cross HEV 1.5 GR Hybrid TSS AT 2025/2026",3.55e+08,NA,"5.000-10.000",NA,NA,NA,NA,"Standard","2026-08-19T13:53:23+07:00",2025,1,"[",7500
"947820109","(KM25000)WULING AIR EV LONG RANGE NIK 2023 ISTIMEWA",9.3e+07,NA,"20.000-25.000",NA,NA,NA,NA,"Standard","2026-08-31T09:40:37+07:00",2023,3,"(KM25000)WULING",22500
"947180035","Mercedes Benz GLA 200 Amg 2015",2.55e+08,NA,"30.000-35.000",NA,NA,NA,NA,"Standard","2026-08-20T22:59:31+07:00",2015,11,"Mercedes",32500
"947699117","Km 62rb mazda cx9 skyactive 2020 merah sunroof pajak panjang",3.5e+08,NA,"60.000-65.000",NA,NA,NA,NA,"Standard","2026-08-24T21:59:01+07:00",2020,6,"Km",62500
"947805645","Land Rover Defender 110 SE 2.0 AT 2022 Hitam Km15rb B8FAB",2.325e+09,NA,"10.000-15.000",NA,NA,NA,NA,"Standard","2026-08-29T14:42:11+07:00",2022,4,"Land",12500
"946922512","[ LIKE NEW CONDITION ] BMW 320i 320 i M Sport LCi G20 AT 2024/2025",6.8e+08,NA,"20.000-25.000",NA,NA,NA,NA,"Standard","2026-08-26T11:54:35+07:00",2024,2,"[",22500
"943805788","Mobilio TDp10jt E CVT AT 2017 FullOriginal SepertiBaru Gresss ISTIMEWA",1.15e+08,NA,"65.000-70.000",NA,NA,NA,NA,"Standard","2026-08-15T11:07:58+07:00",2017,9,"Mobilio",67500
"947164655","[ GARANSI 5TH ] Mitsubishi Pajero Dakar Ultimate 4x2 Diesel 2023/2024",4.2e+08,NA,"45.000-50.000",NA,NA,NA,NA,"Standard","2026-08-01T17:26:47+07:00",2023,3,"[",47500
"947770656","Mercedes Benz G63 4.0L AMG NIK 2025 Black Brand New Perfect Condition",6.8e+09,NA,"0-5.000",NA,NA,NA,NA,"Standard","2026-08-28T03:34:28+07:00",2025,1,"Mercedes",2500
"947668799","HONDA BRIO 1.2 RS AT 2020 HITAM",1.55e+08,NA,"55.000-60.000",NA,NA,NA,NA,"Standard","2026-08-23T14:33:22+07:00",2020,6,"HONDA",57500
"947715225","[DELIVERY MILES] NISSAN GT-R NISMO EDITION COUPE 2026",7.87e+09,NA,"0-5.000",NA,NA,NA,NA,"Standard","2026-08-30T10:50:00+07:00",2026,0,"[DELIVERY",2500
"947336027","[ BERGARANSI ] BYD Sealion 7 Premium RWD AT 2025 2026",5.5e+08,NA,"15.000-20.000",NA,NA,NA,NA,"Standard","2026-08-08T17:04:11+07:00",2025,1,"[",17500
"947043861","Mercedes Benz GLC300 Coupe AT 2024 Putih Mercy Km5rb B8NAV",1.775e+09,NA,"0-5.000",NA,NA,NA,NA,"Standard","2026-08-30T18:05:11+07:00",2024,2,"Mercedes",2500
"947232435","[ KM 700 PERAK ] Mitsubishi Destinator 1.5 Ultimate DS 2025/2026",4.29e+08,NA,"0-5.000",NA,NA,NA,NA,"Standard","2026-08-04T16:31:40+07:00",2025,1,"[",2500
"947659709","[ GARANSI 5TH ] Hyundai Creta Prime 1.5 Panoramic BOSE AT 2025/2026",3.15e+08,NA,"15.000-20.000",NA,NA,NA,NA,"Standard","2026-08-28T21:17:53+07:00",2025,1,"[",17500
"947299849","DIJUAL PALISADE 2024 HARGA RP. 760 JUTA NEGO !!",7.6e+08,NA,"45.000-50.000",NA,NA,NA,NA,"Standard","2026-08-07T09:34:18+07:00",2024,2,"DIJUAL",47500
"947427831","Hyundai H1 Royale Limited Bensin 2018 #BJM1#",2.25e+08,NA,"105.000-110.000",NA,NA,NA,NA,"Standard","2026-08-12T16:27:03+07:00",2018,8,"Hyundai",107500
"947029968","Nissan Serena HWS 2011",8.9e+07,NA,"130.000-135.000",NA,NA,NA,NA,"Standard","2026-08-28T11:45:08+07:00",2011,15,"Nissan",132500
"947736396","[CASH] GLE 400 Coupe AMG Line 2017 2016 Mercy Gle400 tt",4.5e+08,NA,"55.000-60.000",NA,NA,NA,NA,"Standard","2026-08-26T15:12:18+07:00",2017,9,"[CASH]",57500
"947477964","Morris Garage MG VS HEV Magnify Hybrid AT Abu 2025 NIK 2024 Like New",2.35e+08,NA,"5.000-10.000",NA,NA,NA,NA,"Standard","2026-08-14T17:00:53+07:00",2025,1,"Morris",7500
"945516647","DP10% [Km6.000] X5 M-Sport 2025 White Reg 2024 #AUTOHIGH",1.525e+09,NA,"0-5.000",NA,NA,NA,NA,"Standard","2026-08-23T11:06:14+07:00",2025,1,"DP10%",2500
"947688010","[ LIKE NEW CONDITION ] BMW 320i 320 i G20 M Sport LCi 2024 2025 Putih",6.8e+08,NA,"15.000-20.000",NA,NA,NA,NA,"Standard","2026-08-28T11:53:12+07:00",2024,2,"[",17500
"947439705","Jual cepat Toyota Yaris 1.5 TRD Sportivo CVT 2021 mulus jakarta pusat",2.25e+08,NA,"50.000-55.000",NA,NA,NA,NA,"Standard","2026-08-13T09:34:48+07:00",2021,5,"Jual",52500
"946354057","[Dp 6jt] Xpander 1.5 Ultimate AT 2023 nik 2022",2.13e+08,NA,"80.000-85.000",NA,NA,NA,NA,"Standard","2026-08-28T12:05:35+07:00",2023,3,"[Dp",82500
"947374342","Km 27rb Toyota Rush S Trd 1.5 AT 2020 Silver Record modif Camera 360",2.1e+08,NA,"25.000-30.000",NA,NA,NA,NA,"Standard","2026-08-13T16:50:46+07:00",2020,6,"Km",27500
"947488942","Toyota Vellfire 2.4 ZG Premium Sound AT 2012 Black 18 Speaker Cam 360",1.85e+08,NA,"130.000-135.000",NA,NA,NA,NA,"Standard","2026-08-15T09:41:47+07:00",2012,14,"Toyota",132500
"947673376","LOW KM 25RB RECORD !! BMW 320i LUXURY 2018 AT F30 MDL 2019/2017",3.24e+08,NA,"20.000-25.000",NA,NA,NA,NA,"Standard","2026-08-23T18:45:34+07:00",2018,8,"LOW",22500
"947757458","(CASH Murah) Toyota Vios G 2007 MT. Sangat Terawat",7.6e+07,NA,"115.000-120.000",NA,NA,NA,NA,"Standard","2026-08-27T14:21:18+07:00",2007,19,"(CASH",117500
"947575164","Hyundai stargazer prime capt seat 2025, good cond",1.88e+08,NA,"35.000-40.000",NA,NA,NA,NA,"Standard","2026-08-30T12:59:37+07:00",2025,1,"Hyundai",37500
"947757501","TOYOTA AVANZA G 2019",1.48e+08,NA,"115.000-120.000",NA,NA,NA,NA,"Standard","2026-08-28T13:09:26+07:00",2019,7,"TOYOTA",117500
"947561204","Hyundai Stargazer Trend Manual MT 2023",1.52e+08,NA,"70.000-75.000",NA,NA,NA,NA,"Standard","2026-08-31T12:18:35+07:00",2023,3,"Hyundai",72500
"947684124","[ GARANSI 5TH ] Wuling Almaz RS Pro Hybrid 2.0 AT Abu 2023 2024",2.65e+08,NA,"20.000-25.000",NA,NA,NA,NA,"Standard","2026-08-28T11:50:11+07:00",2023,3,"[",22500
"947402561","[ GARANSI 5TH ] Mitsubishi Pajero Sport Dakar 2.4 2021/2022 4x2 Diesel",4.15e+08,NA,"40.000-45.000",NA,NA,NA,NA,"Standard","2026-08-11T17:16:14+07:00",2021,5,"[",42500
"947454138","Toyota Land Cruiser Prado 4x4 2005 at Istimewa Antik #LDK#",2.25e+08,NA,"195.000-200.000",NA,NA,NA,NA,"Standard","2026-08-14T16:22:49+07:00",2005,21,"Toyota",197500
"947803514","[ GARANSI 5TH ] Toyota Innova Reborn Venturer 2.0 AT Bensin 2021 2022",3.09e+08,NA,"100.000-105.000",NA,NA,NA,NA,"Standard","2026-08-29T13:30:12+07:00",2021,5,"[",102500
"945258050","[ LOW KM ] Mercedes Benz Mercy CLA200 CLA 200 C118 AT 2019/2020",4.85e+08,NA,"30.000-35.000",NA,NA,NA,NA,"Standard","2026-08-26T02:15:11+07:00",2019,7,"[",32500
"947725969","Honda Brio RS 1.2 Matic AT 2018 Tangan Pertama",1.28e+08,NA,"75.000-80.000",NA,NA,NA,NA,"Standard","2026-08-26T08:46:48+07:00",2018,8,"Honda",77500
"945930945","[ VIP 2+2 ] Lexus LM350 LM 350 Hybrid Executive 4 Seater 2025/2026",2.25e+09,NA,"5.000-10.000",NA,NA,NA,NA,"Standard","2026-08-25T14:03:13+07:00",2025,1,"[",7500
"947428031","[ LIKE NEW ] Hyundai Creta 1.5 N-Line Turbo AT 2025/2026",3.85e+08,NA,"30.000-35.000",NA,NA,NA,NA,"Standard","2026-08-13T10:16:36+07:00",2025,1,"[",32500
"940251653","Hyundai Staria 2.2L 2WD Signature 7 Seater Diesel 2022 NIK 2021 Low KM",4.5e+08,NA,"20.000-25.000",NA,NA,NA,NA,"Standard","2026-08-18T00:09:43+07:00",2022,4,"Hyundai",22500
"947303229","[ KM LOW ] BYD Sealion 7 Performance AWD 4.5s AT Grey 2025 2026",6.37e+08,NA,"10.000-15.000",NA,NA,NA,NA,"Standard","2026-08-07T11:37:21+07:00",2025,1,"[",12500
"947527816","[ AWD - LOW KM 21RB ] BMW X4 X 4 xDrive30i M Sport AT 2022/2023",8.4e+08,NA,"20.000-25.000",NA,NA,NA,NA,"Standard","2026-08-17T11:24:54+07:00",2022,4,"[",22500
"947600991","Honda Odyssey Prestige 2019 /2020 AT 2.4,Low KM, Pajak SEPTEMBER 2027",3e+08,NA,"5.000-10.000",NA,NA,NA,NA,"Standard","2026-08-20T15:28:27+07:00",2019,7,"Honda",7500
"947841408","2021 MAZDA CX30 CX 30 Skyactive G Like New Tdp 74jt",3.58e+08,NA,"45.000-50.000",NA,NA,NA,NA,"Standard","2026-08-31T13:16:17+07:00",2021,5,"2021",47500
"947841406","[ GARANSI 5TH ] Honda Accord 1.5 VTEC Turbo Sensing AT 2021/2022",3.75e+08,NA,"60.000-65.000",NA,NA,NA,NA,"Standard","2026-08-31T13:16:16+07:00",2021,5,"[",62500
"947732952","[ HYBRID ] Toyota Camry 2.5 TSS Sunroof JBL AT Hitam 2022 2023",4.25e+08,NA,"50.000-55.000",NA,NA,NA,NA,"Standard","2026-08-26T12:58:55+07:00",2022,4,"[",52500
"946247337","DP10% [Km22.000] 520i M-Sport 2023 White Reg 2024 #AUTOHIGH",7.45e+08,NA,"15.000-20.000",NA,NA,NA,NA,"Standard","2026-08-24T17:15:22+07:00",2023,3,"DP10%",17500
"947533576","BMW 330i LCI M Sport Pro 2024 Odo 8rb Service Record BMW",8.45e+08,NA,"0-5.000",NA,NA,NA,NA,"Standard","2026-08-17T16:42:00+07:00",2024,2,"BMW",2500
"947684602","2019 Toyota Alphard G 2.5 ATPM Facelift",6.1e+08,NA,"30.000-35.000",NA,NA,NA,NA,"Standard","2026-08-24T11:36:48+07:00",2019,7,"2019",32500
"947740277","[TDP 39 Jt]Mazda CX-5 2014  CX 5 GT 2.5 AT Nego Cash Kredit",1.69e+08,NA,"75.000-80.000",NA,NA,NA,NA,"Standard","2026-08-29T12:06:00+07:00",2014,12,"[TDP",77500
"947533914","[ LOW KM 20RB ] Mazda CX9 CX-9 CX 9 2.5 Skyactiv RSE AT 2023/2024",5.07e+08,NA,"20.000-25.000",NA,NA,NA,NA,"Standard","2026-08-17T17:03:40+07:00",2023,3,"[",22500
"947646342","Nissan terrano kingsroad k3 2005",9.5e+07,NA,"85.000-90.000",NA,NA,NA,NA,"Standard","2026-08-22T13:38:31+07:00",2005,21,"Nissan",87500
"947516185","[Total DP 15 Jt]Toyota Kijang Innova 2018 G 2.0 AT nego Cash Kredit",2.16e+08,NA,"55.000-60.000",NA,NA,NA,NA,"Standard","2026-08-29T15:13:47+07:00",2018,8,"[Total",57500
"947538264","Honda Odyssey 2.4 E Prestige 2019 Mint Condition",2.9e+08,NA,"180.000-185.000",NA,NA,NA,NA,"Standard","2026-08-17T22:41:36+07:00",2019,7,"Honda",182500
"947770312","[ GARANSI 5TH ] Hyundai Palisade 2,2 Signature Diesel 2021/2022",4.4e+08,NA,"80.000-85.000",NA,NA,NA,NA,"Standard","2026-08-28T01:33:27+07:00",2021,5,"[",82500
"947425184","[ LIKE NEW ] Hyundai Creta 1.5 N-Line Turbo AT 2025/2026",3.75e+08,NA,"15.000-20.000",NA,NA,NA,NA,"Standard","2026-08-12T14:57:25+07:00",2025,1,"[",17500
"947410948","[ GARANSI 5TH ] Hyundai Palisade Signature 2,2 Panoramic AT 2023/2024",6.6e+08,NA,"30.000-35.000",NA,NA,NA,NA,"Standard","2026-08-12T04:12:47+07:00",2023,3,"[",32500
"947700292","[ GARANSI 5TH ] Toyota Fortuner 2.4 VRZ 4x2 Diesel 2020/2021",3.65e+08,NA,"65.000-70.000",NA,NA,NA,NA,"Standard","2026-08-28T21:31:40+07:00",2020,6,"[",67500
"947437336","Mercedes Benz S450 L W222 2019 Odo 37 Ribu Record Antik Bergaransi",8.7e+08,NA,"35.000-40.000",NA,NA,NA,NA,"Standard","2026-08-13T06:52:25+07:00",2019,7,"Mercedes",37500
"947630362","[BARCODE READY]Toyota Kijang Innova G 2.5 Diesel AT 2015 Innova 2015",2.25e+08,NA,"95.000-100.000",NA,NA,NA,NA,"Standard","2026-08-21T18:49:43+07:00",2015,11,"[BARCODE",97500
"947733399","[ AWD - KM 10RB ] BYD Sealion 7 Performance 4.5s AT 2025/2026",6.29e+08,NA,"10.000-15.000",NA,NA,NA,NA,"Standard","2026-08-26T13:17:33+07:00",2025,1,"[",12500
"947232867","[ KM 700 PERAK ] Mitsubishi Destinator 1.5 Ultimate DS 2025/2026",4.29e+08,NA,"0-5.000",NA,NA,NA,NA,"Standard","2026-08-07T21:12:13+07:00",2025,1,"[",2500
"947797623","Km 7rb byd seal performance awd 2024 atlantis grey pajak panjang",4.85e+08,NA,"5.000-10.000",NA,NA,NA,NA,"Standard","2026-08-29T10:05:33+07:00",2024,2,"Km",7500
"947755534","[ GARANSI 5TH ] Hyundai Palisade 2.2 Signature Diesel 2021/2022",4.4e+08,NA,"80.000-85.000",NA,NA,NA,NA,"Standard","2026-08-27T13:00:48+07:00",2021,5,"[",82500
"947282641","(KM40000)WULING CORTEZ 1.5 AT EX LUX NIK 2022 SUNROOF CAPTAIN SEAT",1.25e+08,NA,"40.000-45.000",NA,NA,NA,NA,"Standard","2026-08-31T13:12:27+07:00",2022,4,"(KM40000)WULING",42500
"947703613","Toyota Corolla 1992 Bensin",4.3e+07,NA,"115.000-120.000",NA,NA,NA,NA,"Standard","2026-08-25T08:29:25+07:00",1992,34,"Toyota",117500
"947809180","Honda All New City RS Hatchback HB CVT AT NIK 2022",2e+08,NA,"65.000-70.000",NA,NA,NA,NA,"Standard","2026-08-29T17:17:25+07:00",2022,4,"Honda",67500
"946890372","TERMURAH STARGAZER CS TT 2022 LOW KM",1.88e+08,NA,"40.000-45.000",NA,NA,NA,NA,"Standard","2026-08-24T15:11:09+07:00",2022,4,"TERMURAH",42500
"945772303","DP10% [Km7.000] Accord RS Hybrid 2024 Black Reg 2025 #AUTOHIGH",7.25e+08,NA,"0-5.000",NA,NA,NA,NA,"Standard","2026-08-04T01:26:12+07:00",2024,2,"DP10%",2500
"947813652","Mitsubishi Xpander 1.5 Cross AT 2023 Matic New Model",2.79e+08,NA,"35.000-40.000",NA,NA,NA,NA,"Standard","2026-08-29T22:16:52+07:00",2023,3,"Mitsubishi",37500
"947760058","[ LOW KM 27RB ] Suzuki Ertiga 1.5 GL Facelift MT Manual 2018/2019",1.45e+08,NA,"25.000-30.000",NA,NA,NA,NA,"Standard","2026-08-27T15:32:18+07:00",2018,8,"[",27500
"947828129","[ KM 1RB ] Suzuki Jimny 1.5 4x4 3 Door AT 2025/2026",3.99e+08,NA,"0-5.000",NA,NA,NA,NA,"Standard","2026-08-30T18:16:15+07:00",2025,1,"[",2500
"947722487","DP10% [Km9.000] Vellfire VIP Hybrid Modellista 2024 Reg 2025 #AUTOHIGH",1.525e+09,NA,"0-5.000",NA,NA,NA,NA,"Standard","2026-08-25T22:59:04+07:00",2024,2,"DP10%",2500
"947592766","Chevrolet Spin 1.5 Active 2015 Abu Terlaris Yuk Cek Segera",8.8e+07,NA,"80.000-85.000",NA,NA,NA,NA,"Standard","2026-08-20T10:56:53+07:00",2015,11,"Chevrolet",82500
"947664698","Mazda 2 2017 Bensin",1.5e+08,NA,"95.000-100.000",NA,NA,NA,NA,"Standard","2026-08-27T15:03:34+07:00",2017,9,"Mazda",97500
"946977963","Toyota BZ4X EV AT 2025 Hitam Silver Km7rb Nik 2023 B1760SCO",5.95e+08,NA,"5.000-10.000",NA,NA,NA,NA,"Standard","2026-08-24T15:45:20+07:00",2025,1,"Toyota",7500
"943650593","DP10% [Km19.000] Jeep Wrangler Rubicon 2018 White Reg 2019 #AUTOHIGH",1.45e+09,NA,"5.000-10.000",NA,NA,NA,NA,"Standard","2026-08-07T21:05:48+07:00",2018,8,"DP10%",7500
"947809097","Mercedes Benz E350 EQ Boost AMG Line Black on Black NIK 2020",6.75e+08,NA,"5.000-10.000",NA,NA,NA,NA,"Standard","2026-08-29T17:13:40+07:00",2020,6,"Mercedes",7500
"947599450","Mini Cooper Countryman 1.5 2024 NIK 2023 non S clubman 2022 Door Doors",5.36e+08,NA,"0-5.000",NA,NA,NA,NA,"Standard","2026-08-20T14:35:26+07:00",2024,2,"Mini",2500
"947278529","[ AWD - KM 2RB ] BYD Sealion 7 Performance 4.5s AT 2025/2026",6.45e+08,NA,"0-5.000",NA,NA,NA,NA,"Standard","2026-08-06T11:22:13+07:00",2025,1,"[",2500
"945767046","Mercedes Benz E300 Coupe AMG AT 2018 Putih Mercy Km5rb B969JWU",9.75e+08,NA,"0-5.000",NA,NA,NA,NA,"Standard","2026-08-24T16:32:21+07:00",2018,8,"Mercedes",2500
"947233023","[ GARANSI 5TH ] Hyundai Palisade Signature 2.2 Panoramic AT 2023 2024",6.5e+08,NA,"45.000-50.000",NA,NA,NA,NA,"Standard","2026-08-04T16:59:01+07:00",2023,3,"[",47500
"947574926","[ LOW KM ] BMW X1 SDRIVE 2020",3.88e+08,NA,"10.000-15.000",NA,NA,NA,NA,"Standard","2026-08-19T14:35:46+07:00",2020,6,"[",12500
"947232892","Toyota Yaris 2011 Bensin",1.02e+08,NA,"115.000-120.000",NA,NA,NA,NA,"Standard","2026-08-14T12:24:19+07:00",2011,15,"Toyota",117500
"947428746","[ LOW KM 10RB ] Toyota Alphard 2.5 HEV Hybrid Modelista TSS 2024/2025",1.35e+09,NA,"10.000-15.000",NA,NA,NA,NA,"Standard","2026-08-13T16:18:37+07:00",2024,2,"[",12500
"947713485","[ 4x4 ] Toyota Land Cruiser LC 300 VX-R VXR TSS Diesel AT 2023 2024",1.95e+09,NA,"20.000-25.000",NA,NA,NA,NA,"Standard","2026-08-25T14:48:00+07:00",2023,3,"[",22500
"947729622","[SIAP PAKAI] Honda Brv E Prestige AT 2017 | Mobilio | Ertiga | XL7",1.59e+08,NA,"120.000-125.000",NA,NA,NA,NA,"Standard","2026-08-26T11:01:41+07:00",2017,9,"[SIAP",122500
"947764447","[KM17.000] JARANG! BMW X1 xLine U11 AT 2023 Phytonic Blue",7.15e+08,NA,"15.000-20.000",NA,NA,NA,NA,"Standard","2026-08-27T18:45:31+07:00",2023,3,"[KM17.000]",17500
"947776817","[ LOW KM 22RB ] Mercedes Benz Mercy GLA200 GLA 200 AMG H247 2023/2024",5.65e+08,NA,"20.000-25.000",NA,NA,NA,NA,"Standard","2026-08-28T11:37:45+07:00",2023,3,"[",22500
"947794532","CASH -  ALPHARD G ATPM 2012",2.2e+08,NA,"115.000-120.000",NA,NA,NA,NA,"Standard","2026-08-29T07:00:26+07:00",2012,14,"CASH",117500
"947711252","KM 10RB FULL ORI !! BMW 218i GRAND COUPE MSPORT 2024 AT MDL 2025",4.8e+08,NA,"5.000-10.000",NA,NA,NA,NA,"Standard","2026-08-25T13:14:55+07:00",2024,2,"KM",7500
"940748310","Mercedes V250 Avantgarde 2022 LOMBARDI Edition",1.15e+09,NA,"10.000-15.000",NA,NA,NA,NA,"Standard","2026-08-30T11:23:28+07:00",2022,4,"Mercedes",12500
"947558917","Km 3rb mercedes benz mercy c200 c 200 avantgarde line 2023 hitam",6.95e+08,NA,"0-5.000",NA,NA,NA,NA,"Standard","2026-08-18T20:26:55+07:00",2023,3,"Km",2500
"947233301","[ GARANSI 5TH ] Toyota Alphard 2.5 G ATPM TSS Pilot Seat 2021/2022",6.6e+08,NA,"40.000-45.000",NA,NA,NA,NA,"Standard","2026-08-04T17:09:46+07:00",2021,5,"[",42500
"945904811","[ GARANSI 5TH ] Toyota Camry 2.5 V Sunroof AT 2019/2020",2.45e+08,NA,"55.000-60.000",NA,NA,NA,NA,"Standard","2026-08-09T17:29:24+07:00",2019,7,"[",57500
"947637972","Km 18rb hyundai creta prime 2025 abu pajak panjang",3.15e+08,NA,"15.000-20.000",NA,NA,NA,NA,"Standard","2026-08-22T08:25:49+07:00",2025,1,"Km",17500
"947743451","DP10% [Km21.000] Palisade Signature 2024 Black Reg 2025 #AUTOHIGH",7.5e+08,NA,"15.000-20.000",NA,NA,NA,NA,"Standard","2026-08-26T21:21:25+07:00",2024,2,"DP10%",17500
"947478677","Mercedes Benz SLK200 Cabriolet 2004 Automatic Abu-abu Metalik",3.39e+08,NA,"50.000-55.000",NA,NA,NA,NA,"Standard","2026-08-14T17:33:22+07:00",2004,22,"Mercedes",52500
"947231996","[GARANSI 5TH] Kia Grand Carnival Premiere 2.2 Diesel 7 Seat 2024/2025",6.5e+08,NA,"30.000-35.000",NA,NA,NA,NA,"Standard","2026-08-04T16:16:04+07:00",2024,2,"[GARANSI",32500
"947445727","[ GARANSI 5TH ] Toyota Camry 2.5 V Sunroof AT 2023/2024",3.99e+08,NA,"45.000-50.000",NA,NA,NA,NA,"Standard","2026-08-13T12:48:26+07:00",2023,3,"[",47500
"947532033","CRV 2005 HITAM AT TERAWAT",7.9e+07,NA,"100.000-105.000",NA,NA,NA,NA,"Standard","2026-08-26T17:34:20+07:00",2005,21,"CRV",102500
"947781580","BMW 218i F44 GranCoupè 2022",4.49e+08,NA,"20.000-25.000",NA,NA,NA,NA,"Standard","2026-08-28T14:38:14+07:00",2022,4,"BMW",22500
"947143864","Peugeout 5008 Active NIK 2021",2.95e+08,NA,"75.000-80.000",NA,NA,NA,NA,"Standard","2026-08-31T07:02:24+07:00",2021,5,"Peugeout",77500
"947727495","Mercedes Benz C200 CGI 2010 Automatic Hitam Metalik",1.29e+08,NA,"110.000-115.000",NA,NA,NA,NA,"Standard","2026-08-26T09:50:20+07:00",2010,16,"Mercedes",112500
"947518342","HANYA 25JT!! HYUNDAI CRETA STYLE 1.5 2023 A/T",2.18e+08,NA,"50.000-55.000",NA,NA,NA,NA,"Standard","2026-08-16T17:24:22+07:00",2023,3,"HANYA",52500
"947795775","SUZUKI CARRY PICKUP 1.5 AC PS 2020(DPRINGAN,ISTIMEWA,3WAY,GARANSI,Gas)",1.05e+08,NA,"65.000-70.000",NA,NA,NA,NA,"Standard","2026-08-29T08:38:32+07:00",2020,6,"SUZUKI",67500
"945984650","BAIC BJ40 BJ 40 Plus 2.0 Turbo 4x4 AWD AT Merah 2025 NIK 2024 Like New",4.65e+08,NA,"10.000-15.000",NA,NA,NA,NA,"Standard","2026-08-12T10:57:20+07:00",2025,1,"BAIC",12500
"947723453","[ VIP 2+2 - 4x4 ] Lexus LX 600 LX600 4 Seat AT Hitam 2023/2024",2.445e+09,NA,"40.000-45.000",NA,NA,NA,NA,"Standard","2026-08-28T16:53:29+07:00",2023,3,"[",42500
"947766420","DP10% [Km6.000] Voxy 2025 Black Reg 2026 #AUTOHIGH",4.95e+08,NA,"0-5.000",NA,NA,NA,NA,"Standard","2026-08-27T20:12:38+07:00",2025,1,"DP10%",2500
"947418478","[ 4x4 ] BAIC BJ40 BJ 40 Plus 2.0 Turbo AWD 2024/2025 AT Merah 13RB KM",4.65e+08,NA,"10.000-15.000",NA,NA,NA,NA,"Standard","2026-08-12T11:41:13+07:00",2024,2,"[",12500
"946234536","[ LOW KM ] Toyota Camry 2.5 Hybrid TSS Sunroof JBL Facelift 2022 2023",4.35e+08,NA,"40.000-45.000",NA,NA,NA,NA,"Standard","2026-08-26T02:26:50+07:00",2022,4,"[",42500
"947511548","Toyota vellfire g atpm 2019 hitam pajak panjang",4.8e+08,NA,"110.000-115.000",NA,NA,NA,NA,"Standard","2026-08-16T11:14:59+07:00",2019,7,"Toyota",112500
"947572047","DP Ceper Fortuner 2.8 GR 2022 VRZ diesel matic Hitam toyota new  4x2",4.25e+08,NA,"40.000-45.000",NA,NA,NA,NA,"Standard","2026-08-19T12:58:12+07:00",2022,4,"DP",42500
"947808537","[ ODO 11.000 KM ] LAND CRUISER 300 GR SPORT  AT 2023 BGARANSI 5 TAHUN",2.05e+09,NA,"5.000-10.000",NA,NA,NA,NA,"Standard","2026-08-29T16:46:22+07:00",2023,3,"[",7500
"947701224","Lexus NX200 NX 200 F-Sport F Sport AT Hitam NIK 2017 Low Km Antik",3.9e+08,NA,"45.000-50.000",NA,NA,NA,NA,"Standard","2026-08-25T00:26:16+07:00",2017,9,"Lexus",47500
"947532439","LOW KM.57RB GARANSI 1TH HYUNDAI STARGAZER PRIME 1.5 AT 2022 PAJAK PJG",1.87e+08,NA,"20.000-25.000",NA,NA,NA,NA,"Standard","2026-08-17T15:30:38+07:00",2022,4,"LOW",22500
"947251307","[ LOW KM 3RB ] BAIC BJ40 BJ 40 Plus 2.0 Turbo 4x4 AWD 2024 2025",4.65e+08,NA,"0-5.000",NA,NA,NA,NA,"Standard","2026-08-12T16:54:23+07:00",2024,2,"[",2500
"947597603","Km 40rb! COROLLA CROSS HYBRID 2023 BERKUALITASS",3.57e+08,NA,"40.000-45.000",NA,NA,NA,NA,"Standard","2026-08-20T13:42:10+07:00",2023,3,"Km",42500
"947770372","[ LOW KM 24RB ] Hyundai Staria 2,2 Signature 7 Seater Diesel 2021/2022",4.5e+08,NA,"20.000-25.000",NA,NA,NA,NA,"Standard","2026-08-28T10:32:01+07:00",2021,5,"[",22500
"947693319","[ KM LOW ] Lexus NX200 NX 200 F-Sport F Sport AT Hitam 2017/2018",3.9e+08,NA,"45.000-50.000",NA,NA,NA,NA,"Standard","2026-08-24T16:52:18+07:00",2017,9,"[",47500
"947370642","[ LOW KM 27RB ] Hyundai Palisade Signature 2.2 Panoramic AT 2022/2023",6.2e+08,NA,"25.000-30.000",NA,NA,NA,NA,"Standard","2026-08-10T13:01:20+07:00",2022,4,"[",27500
"947585528","DP10% [Km13.000] CRV Turbo 2024 Black / CR-V Reg 2025 #AUTOHIGH",6.15e+08,NA,"5.000-10.000",NA,NA,NA,NA,"Standard","2026-08-19T23:09:24+07:00",2024,2,"DP10%",7500
"947122124","Mercedes Benz GLE450 AMG 2024 Putih Km7rb GLE 450 B2317NLO",1.575e+09,NA,"5.000-10.000",NA,NA,NA,NA,"Standard","2026-08-30T18:00:46+07:00",2024,2,"Mercedes",7500
"941926789","Termurah Low km Nissan Juke 1.5 AT mulus 2011 silver",1e+08,NA,"100.000-105.000",NA,NA,NA,NA,"Standard","2026-08-30T13:39:54+07:00",2011,15,"Termurah",102500
"947807666","[ ODO 7.000 KM ] LEXUS LX 600 VIP 3.5 AT 2023 BERGARANSI 5 TAHUN",3.15e+09,NA,"0-5.000",NA,NA,NA,NA,"Standard","2026-08-29T16:10:04+07:00",2023,3,"[",2500
"947377877","[ LOW KM ] Honda HRV HR-V HR V 1,5 RS Hybrid e HEV Sensing 2025/2026",4.05e+08,NA,"10.000-15.000",NA,NA,NA,NA,"Standard","2026-08-10T17:02:31+07:00",2025,1,"[",12500
"947641931","Toyota Innova 2.4 V Diesel 2022 (AT)",3.55e+08,NA,"80.000-85.000",NA,NA,NA,NA,"Standard","2026-08-22T11:07:54+07:00",2022,4,"Toyota",82500
"947231144","[ GARANSI 5TH ] Hyundai Palisade Signature 2.2 Panoramic AT 2023/2024",6.5e+08,NA,"45.000-50.000",NA,NA,NA,NA,"Standard","2026-08-04T15:48:17+07:00",2023,3,"[",47500
"947251717","Toyota LC300 VXR 2034 29rb KM no minus tangan pertama sangat terawat",2.045e+09,NA,"20.000-25.000",NA,NA,NA,NA,"Standard","2026-08-05T13:23:28+07:00",2034,-8,"Toyota",22500
"947370233","[ LOW KM 27RB ] Hyundai Palisade Signature 2.2 Panoramic AT 2022/2023",6.2e+08,NA,"25.000-30.000",NA,NA,NA,NA,"Standard","2026-08-10T12:50:08+07:00",2022,4,"[",27500
"947738376","[LOW KM 26RB] Toyota Yaris Cross 1.5 GR Hybrid TSS Dual Tone 2023/2024",3.15e+08,NA,"25.000-30.000",NA,NA,NA,NA,"Standard","2026-08-26T16:27:56+07:00",2023,3,"[LOW",27500
"947231793","Audi Q7 3.0 Facelift 2011 Abu-abu",1.69e+08,NA,"130.000-135.000",NA,NA,NA,NA,"Standard","2026-08-04T16:09:19+07:00",2011,15,"Audi",132500
"947700686","[ LOW MILES 3RB ] BAIC BJ40 BJ 40 Plus 2.0 Turbo 4x4 AWD 2024/2025",4.59e+08,NA,"0-5.000",NA,NA,NA,NA,"Standard","2026-08-28T21:23:41+07:00",2024,2,"[",2500
"947304834","Innova Zenix 2.0L Q Hybrid CVT Modelista TSS  Improvement 2025 km10rb",5.49e+08,NA,"5.000-10.000",NA,NA,NA,NA,"Standard","2026-08-07T12:37:44+07:00",2025,1,"Innova",7500
"946860163","Hyundai Stargazer Prime 1.5 IVT 6 Seat Captain Seat 2026 Brand New",2.45e+08,NA,"0-5.000",NA,NA,NA,NA,"Standard","2026-08-20T12:21:37+07:00",2026,0,"Hyundai",2500
"947277986","[ AWD - KM 2RB ] BYD Sealion 7 Performance 4.5s AT 2025 2026",6.45e+08,NA,"0-5.000",NA,NA,NA,NA,"Standard","2026-08-06T11:07:48+07:00",2025,1,"[",2500
"947626825","TYPE TERTINGGI! J6 IWD 2025",4.25e+08,NA,"50.000-55.000",NA,NA,NA,NA,"Standard","2026-08-21T16:10:18+07:00",2025,1,"TYPE",52500
"946571190","Mercedes Benz S 350 L 2013",2.45e+08,NA,"50.000-55.000",NA,NA,NA,NA,"Standard","2026-08-26T10:04:00+07:00",2013,13,"Mercedes",52500
"947789731","Km 22rb mazda cx9 awd skyactive 2022 abu sunroof",5.02e+08,NA,"20.000-25.000",NA,NA,NA,NA,"Standard","2026-08-28T20:30:29+07:00",2022,4,"Km",22500
"946126106","Lexus LX600 AT 7-Seater 2023 Hitam Km17rb B2607SMG",2.9e+09,NA,"15.000-20.000",NA,NA,NA,NA,"Standard","2026-08-24T16:09:03+07:00",2023,3,"Lexus",17500
"947448031","MINI COOPER S COUNTRYMAN 2.0 TURBO 2022 PANORAMIC SUNROOF LOW ODO",5.65e+08,NA,"10.000-15.000",NA,NA,NA,NA,"Standard","2026-08-13T13:59:30+07:00",2022,4,"MINI",12500
"947429302","TOYOTA INNOVA G BENSIN 2.0 A/T 2022",2.59e+08,NA,"45.000-50.000",NA,NA,NA,NA,"Standard","2026-08-12T17:23:46+07:00",2022,4,"TOYOTA",47500
"946821177","DP10% [Km8.000] C200 Avantgarde 2023 Black Reg 2024 #AUTOHIGH",6.85e+08,NA,"0-5.000",NA,NA,NA,NA,"Standard","2026-08-26T17:05:14+07:00",2023,3,"DP10%",2500
"947171972","[ LOW KM 4RB ] Mazda 3 Mazda3 Hatchback HB 2,0 Sunroof BOSE 2025/2026",4.75e+08,NA,"0-5.000",NA,NA,NA,NA,"Standard","2026-08-02T03:14:56+07:00",2025,1,"[",2500
"947247847","[GARANSI 5TH] Kia Grand Carnival Premiere 2.2 Diesel 7 Seat 2024/2025",6.5e+08,NA,"30.000-35.000",NA,NA,NA,NA,"Standard","2026-08-05T11:19:04+07:00",2024,2,"[GARANSI",32500
"947336242","TOYOTA COROLLA ALTIS 1.8 V FACELIFT 2022",2.7e+08,NA,"40.000-45.000",NA,NA,NA,NA,"Standard","2026-08-08T17:12:40+07:00",2022,4,"TOYOTA",42500
"947769468","Lexus RX350h 2024",1.425e+09,NA,"25.000-30.000",NA,NA,NA,NA,"Standard","2026-08-27T23:41:50+07:00",2024,2,"Lexus",27500
"944934729","DP10% [Km28.000] E300 AMG 2017 Black Reg 2018 #AUTOHIGH",4.8e+08,NA,"15.000-20.000",NA,NA,NA,NA,"Standard","2026-08-26T15:36:49+07:00",2017,9,"DP10%",17500
"947539826","S300 black 2011 low km jaksel",2.95e+08,NA,"40.000-45.000",NA,NA,NA,NA,"Standard","2026-08-21T08:22:51+07:00",2011,15,"S300",42500
"947378628","RANGE ROVER VOGUE AUTOBIO 5.0 2014 TERMURAH",9.75e+08,NA,"45.000-50.000",NA,NA,NA,NA,"Standard","2026-08-12T19:57:13+07:00",2014,12,"RANGE",47500
"947723902","[ VIP 2+2 ] Lexus LM350 LM 350 Hybrid Executive 4 Seater 2025/2026",2.25e+09,NA,"0-5.000",NA,NA,NA,NA,"Standard","2026-08-26T14:39:40+07:00",2025,1,"[",2500
"947229232","[ GARANSI 5TH ] Toyota Alphard 2.5 G AT Pilot Seat 2019/2020",5.55e+08,NA,"40.000-45.000",NA,NA,NA,NA,"Standard","2026-08-04T14:47:10+07:00",2019,7,"[",42500
"947425570","[ LIKE NEW ] Hyundai Creta 1.5 N-Line Turbo AT 2025/2026",3.75e+08,NA,"15.000-20.000",NA,NA,NA,NA,"Standard","2026-08-12T15:08:01+07:00",2025,1,"[",17500
"947799335","• BLACK ON COGNAC • BMW X7 40i OPPULENCE 3.0 AT 2024 / 2025 / 2023",1769999000,NA,"10.000-15.000",NA,NA,NA,NA,"Standard","2026-08-29T10:59:39+07:00",2024,2,"•",12500
"947743123","DP10% [Km16.000] C300 AMG 2023 White Reg 2022 #AUTOHIGH",8.45e+08,NA,"5.000-10.000",NA,NA,NA,NA,"Standard","2026-08-26T20:57:52+07:00",2023,3,"DP10%",7500
"947720917","DP10% [Km20.000] C200 Avantgarde 2019 Black Reg 2018 #AUTOHIGH",4.35e+08,NA,"15.000-20.000",NA,NA,NA,NA,"Standard","2026-08-25T21:04:58+07:00",2019,7,"DP10%",17500
"947235462","DP10% [Km4.000] Voxy 2025 Black Reg 2024 #AUTOHIGH",5e+08,NA,"0-5.000",NA,NA,NA,NA,"Standard","2026-08-26T22:20:31+07:00",2025,1,"DP10%",2500
"947739148","[LOW KM 26RB] Toyota Yaris Cross 1.5 GR Hybrid TSS Dual Tone 2023/2024",3.15e+08,NA,"25.000-30.000",NA,NA,NA,NA,"Standard","2026-08-26T16:59:54+07:00",2023,3,"[LOW",27500
"947449425","Mazda CX-5 Kuro Edition NIK 2023 Zircon Sand CX5 Elite mdl AWD 2024",3.72e+08,NA,"30.000-35.000",NA,NA,NA,NA,"Standard","2026-08-13T14:44:26+07:00",2023,3,"Mazda",32500
"947373935","BMW 320i luxury ckd nik 2018 stnk 03/2027 odo 40 ribu miles perorangan",2.99e+08,NA,"40.000-45.000",NA,NA,NA,NA,"Standard","2026-08-19T15:56:39+07:00",2018,8,"BMW",42500
"947323157","Hyundai Creta 1.5 Prime Two Tone AT 2022 Istimewa dan Termurah",2.28e+08,NA,"60.000-65.000",NA,NA,NA,NA,"Standard","2026-08-14T06:54:49+07:00",2022,4,"Hyundai",62500
"947763679","MERCEDES BENZ GLE250 DIESEL 2017 TERMURAH",3.18e+08,NA,"50.000-55.000",NA,NA,NA,NA,"Standard","2026-08-27T17:59:33+07:00",2017,9,"MERCEDES",52500
"947753066","TERMURAHH Suzuki Baleno Hatchback AT Silver Metalik 2023",1.9e+08,NA,"70.000-75.000",NA,NA,NA,NA,"Standard","2026-08-27T11:40:24+07:00",2023,3,"TERMURAHH",72500
"946984819","BMW M4 F82 (2015)",1.275e+09,NA,"5.000-10.000",NA,NA,NA,NA,"Standard","2026-08-25T16:58:43+07:00",2015,11,"BMW",7500
"947409003","Toyota Alphard 2.5 HEV Hybrid Modelista TSS Pilot Seat 2024 Like New",1.35e+09,NA,"5.000-10.000",NA,NA,NA,NA,"Standard","2026-08-11T22:59:20+07:00",2024,2,"Toyota",7500
"947775697","(TDP2jtan) Honda HRV Prestige CVT 2016",1.9e+08,NA,"70.000-75.000",NA,NA,NA,NA,"Standard","2026-08-28T11:01:51+07:00",2016,10,"(TDP2jtan)",72500
"947737384","[ AWD - LOW KM 22RB ] Mazda CX9 CX-9 CX 9 2.5 Skyactive 2022/2023",5.02e+08,NA,"20.000-25.000",NA,NA,NA,NA,"Standard","2026-08-26T15:44:58+07:00",2022,4,"[",22500
"947514098","Toyota Vellfire 2.5 G ATPM TSS 2022",6.65e+08,NA,"50.000-55.000",NA,NA,NA,NA,"Standard","2026-08-16T13:17:10+07:00",2022,4,"Toyota",52500
"947713572","Hyundai Palisade Signature 2.2 CRD-i NIK 2021 Graphite Gray On Red",4.3e+08,NA,"90.000-95.000",NA,NA,NA,NA,"Standard","2026-08-27T22:51:58+07:00",2021,5,"Hyundai",92500
"947234044","(KM40000) HONDA BRIO RS MANUAL 2018 NIK 2017 ISTIMEWA KM RENDAH!!",9.8e+07,NA,"40.000-45.000",NA,NA,NA,NA,"Standard","2026-08-29T09:33:03+07:00",2018,8,"(KM40000)",42500
"946923109","[ 4x4 ] GWM Tank 500 HEV Hybrid 2.0 AWD AT 2024/2025",7.65e+08,NA,"25.000-30.000",NA,NA,NA,NA,"Standard","2026-08-25T17:23:14+07:00",2024,2,"[",27500
"947093453","Lexus RX 200 F- Sport 4x2 AT 2017",4.75e+08,NA,"70.000-75.000",NA,NA,NA,NA,"Standard","2026-08-29T17:04:52+07:00",2017,9,"Lexus",72500
"947780000","Full Orisinil km 19k, Toyota New Voxy 2.0 AT 2023 Hitam",3.95e+08,NA,"15.000-20.000",NA,NA,NA,NA,"Standard","2026-08-28T13:49:14+07:00",2023,3,"Full",17500
"947671540","HONDA HRV SE 1.5 AT 2024 Putih KM 8rb #CLK#",3.25e+08,NA,"5.000-10.000",NA,NA,NA,NA,"Standard","2026-08-23T16:52:34+07:00",2024,2,"HONDA",7500
"946960416","DP10% [Km6.000] GLE450 AMG 2023 Black / GLE 450 Reg 2024 #AUTOHIGH",1.35e+09,NA,"0-5.000",NA,NA,NA,NA,"Standard","2026-08-23T11:17:18+07:00",2023,3,"DP10%",2500
"939119966","LAND CRUISER VXR300 AT 2025 BLACK ON BLACK  TOP CONDITION SUPER MULUS",1.999e+09,NA,"40.000-45.000",NA,NA,NA,NA,"Standard","2026-08-20T16:14:13+07:00",2025,1,"LAND",42500
"947823565","Honda CRV 1.5 Turbo Prestige AT 2018 Hitam",285750000,NA,"90.000-95.000",NA,NA,NA,NA,"Standard","2026-08-30T13:56:34+07:00",2018,8,"Honda",92500
"947704683","Promo Honda HRV E AT Matic CVT 2022 / 2023 Plat Ganjil Terawat Rutin",2.6e+08,NA,"25.000-30.000",NA,NA,NA,NA,"Standard","2026-08-25T15:45:15+07:00",2022,4,"Promo",27500
"947157283","[ GARANSI 5TH ] Hyundai Palisade Signature 2.2 Panoramic AT 2023/2024",6.62e+08,NA,"30.000-35.000",NA,NA,NA,NA,"Standard","2026-08-01T11:54:08+07:00",2023,3,"[",32500
"947253703","[ LOW KM 34RB ] Lexus GS200 GS 200 F-Sport F Sport Fullspec 2017/2018",4.5e+08,NA,"30.000-35.000",NA,NA,NA,NA,"Standard","2026-08-05T14:22:23+07:00",2017,9,"[",32500
"947387074","Km 21rb mazda cx5 kuro edition awd 2024 hitam sunroof",4.39e+08,NA,"20.000-25.000",NA,NA,NA,NA,"Standard","2026-08-11T07:39:29+07:00",2024,2,"Km",22500
"946622213","Hyundai Santa Fe 1.6T-GDi HEV ( Calligraphy Hybrid ) 2025 km7rb",6.89e+08,NA,"5.000-10.000",NA,NA,NA,NA,"Standard","2026-08-29T08:27:00+07:00",2025,1,"Hyundai",7500
"947722280","DP10% [Km18.000] C200 AMG 2018 White Reg 2019 #AUTOHIGH",3.85e+08,NA,"5.000-10.000",NA,NA,NA,NA,"Standard","2026-08-25T22:40:59+07:00",2018,8,"DP10%",7500
"947709292","[4x4 - LOW KM 16RB] Toyota Land Cruiser LC 300 GR Sport TSS 2023/2024",1.99e+09,NA,"15.000-20.000",NA,NA,NA,NA,"Standard","2026-08-25T12:03:26+07:00",2023,3,"[4x4",17500
"947670805","Jeep JL Wrangler Rubicon 2Doors 2.0 NIK 2023",1.695e+09,NA,"5.000-10.000",NA,NA,NA,NA,"Standard","2026-08-23T16:12:53+07:00",2023,3,"Jeep",7500
"947156419","[ LOW KM 39RB ] Toyota Alphard 2.5 G Pilot Seat AT 2017/2018",4.85e+08,NA,"35.000-40.000",NA,NA,NA,NA,"Standard","2026-08-07T22:15:59+07:00",2017,9,"[",37500
"947723451","[ VIP 2+2 - 4x4 ] Lexus LX 600 LX600 4 Seat AT Hitam 2023/2024",2.445e+09,NA,"40.000-45.000",NA,NA,NA,NA,"Standard","2026-08-28T16:53:44+07:00",2023,3,"[",42500
"947589747","MITSUBISHI NEW XPANDER 2022 ULTIMATE HARGA CASH NETT FACELIFT",225500000,NA,"85.000-90.000",NA,NA,NA,NA,"Standard","2026-08-26T15:35:35+07:00",2022,4,"MITSUBISHI",87500
"947586417","DP10% [Km1.000] Alphard XE HEV Hybrid 2026 Black Reg 2025 #AUTOHIGH",1.275e+09,NA,"0-5.000",NA,NA,NA,NA,"Standard","2026-08-20T00:32:14+07:00",2026,0,"DP10%",2500
"947798336","Km 26rb gwn tank 500 hev hybrid awd 2024 hitam",7.65e+08,NA,"25.000-30.000",NA,NA,NA,NA,"Standard","2026-08-29T10:28:46+07:00",2024,2,"Km",27500
"947778019","Toyota Camry 2.5 V Hybrid AT 2019",3.45e+08,NA,"55.000-60.000",NA,NA,NA,NA,"Standard","2026-08-28T12:32:07+07:00",2019,7,"Toyota",57500
"947639237","Km 46rb toyota alphard g atpm tss 2022 putih",6.95e+08,NA,"45.000-50.000",NA,NA,NA,NA,"Standard","2026-08-22T09:37:24+07:00",2022,4,"Km",47500
"947663044","Datsun Cross 1.2 AT 2019 Km27Ribu Istimewa FullOriginal",8.8e+07,NA,"20.000-25.000",NA,NA,NA,NA,"Standard","2026-08-25T22:37:11+07:00",2019,7,"Datsun",22500
"947427047","[ LOW KM 3RB ] BAIC BJ40 BJ 40 Plus 2.0 Turbo 4x4 AWD 2024 2025",4.65e+08,NA,"0-5.000",NA,NA,NA,NA,"Standard","2026-08-12T15:59:34+07:00",2024,2,"[",2500
"947738673","[ LOW KM 7RB ] Suzuki XL7 XL 7 Alpha Hybrid Dual Tone AT 2024/2025",2.35e+08,NA,"5.000-10.000",NA,NA,NA,NA,"Standard","2026-08-26T16:40:34+07:00",2024,2,"[",7500
"947687747","[ KM LOW ] Peugeot 5008 Allure AT Hitam 2020 2021",2.85e+08,NA,"65.000-70.000",NA,NA,NA,NA,"Standard","2026-08-26T11:28:45+07:00",2020,6,"[",67500
"945630427","DP10% [Km11.000] Mini Cooper Countryman JCW 2020 Reg 2021 #AUTOHIGH",5.35e+08,NA,"5.000-10.000",NA,NA,NA,NA,"Standard","2026-08-28T10:47:52+07:00",2020,6,"DP10%",7500
"947722601","DP10% [Km20.000] C200 Avantgarde 2019 Black Reg 2020 #AUTOHIGH",4.35e+08,NA,"15.000-20.000",NA,NA,NA,NA,"Standard","2026-08-25T23:11:42+07:00",2019,7,"DP10%",17500
"947158917","[ LOW KM 13RB ] BYD Seal Performance 3.8s AWD Fullspec AT 2024 2025",4.72e+08,NA,"10.000-15.000",NA,NA,NA,NA,"Standard","2026-08-01T12:56:00+07:00",2024,2,"[",12500
"947667746","KM16RB Mercedes Benz CLA200 AMG Line Panoramic Sunroof NIK 2023 Denim",7.15e+08,NA,"15.000-20.000",NA,NA,NA,NA,"Standard","2026-08-23T13:45:07+07:00",2023,3,"KM16RB",17500
"947443070","[ KM ANTIK 22RB ] Toyota Harrier 2,0 Z Premium TSS Facelift 2021/2022",6.88e+08,NA,"20.000-25.000",NA,NA,NA,NA,"Standard","2026-08-13T11:19:42+07:00",2021,5,"[",22500
"947336926","[ LOW KM 8RB ] Toyota GRANACE 2.8 Turbo Diesel TSS 8 Seater 2023 2024",1.25e+09,NA,"5.000-10.000",NA,NA,NA,NA,"Standard","2026-08-08T17:42:41+07:00",2023,3,"[",7500
"947415898","[ BERGARANSI ] Hyundai Ioniq 5 Long Range Signature EV 2023/2024",4.15e+08,NA,"35.000-40.000",NA,NA,NA,NA,"Standard","2026-08-13T16:30:03+07:00",2023,3,"[",37500
"944533209","BMW i4 eDrive35 eDrive 35 AT 2024 Low KM Record Like New Condition",9.5e+08,NA,"5.000-10.000",NA,NA,NA,NA,"Standard","2026-08-06T15:42:17+07:00",2024,2,"BMW",7500
"947419242","CUMA 5JT!! TOYOTA INNOVA ZENIX 2.0 V HYBRID CVT MODELISTA 2023 A/T",3.86e+08,NA,"55.000-60.000",NA,NA,NA,NA,"Standard","2026-08-24T13:34:05+07:00",2023,3,"CUMA",57500
"943801169","HRV E AT TDp8JT 2016 FullOriginal SepertiBaru Gresss Istimewa Sekali",1.55e+08,NA,"80.000-85.000",NA,NA,NA,NA,"Standard","2026-08-18T09:19:13+07:00",2016,10,"HRV",82500
"947567825","Km 60Rb Hyundai H1 Royale 2019 Diesel",2.9e+08,NA,"55.000-60.000",NA,NA,NA,NA,"Standard","2026-08-26T15:22:14+07:00",2019,7,"Km",57500
"947690375","[ GARANSI 5TH ] Mazda CX5 CX 5 CX-5 Kuro Edition AWD Sunroof 2024/2025",4.25e+08,NA,"35.000-40.000",NA,NA,NA,NA,"Standard","2026-08-26T13:15:34+07:00",2024,2,"[",37500
"947328419","Hyundai Creta Style 1.5 BOSE AT Abu NIK 2025 Like New Record",2.75e+08,NA,"15.000-20.000",NA,NA,NA,NA,"Standard","2026-08-25T02:33:25+07:00",2025,1,"Hyundai",17500
"947731019","MAZDA CX5 KURO EDITION 2.5 AT 2023",4.1e+08,NA,"30.000-35.000",NA,NA,NA,NA,"Standard","2026-08-26T12:02:43+07:00",2023,3,"MAZDA",32500
"947161607","[ LOW KM 4RB ] Mazda 3 Mazda3 Hatchback HB 2.0 Sunroof BOSE 2025/2026",4.75e+08,NA,"0-5.000",NA,NA,NA,NA,"Standard","2026-08-01T14:41:12+07:00",2025,1,"[",2500
"947229223","[ GARANSI 5TH ] Toyota Alphard 2.5 G AT Pilot Seat 2019/2020",5.55e+08,NA,"40.000-45.000",NA,NA,NA,NA,"Standard","2026-08-04T14:46:49+07:00",2019,7,"[",42500
"946046593","Ford Ranger Wildtrak 2.0 4x4 2024/Raptor 4x4/2025/DP Murah/KM low",7.25e+08,NA,"5.000-10.000",NA,NA,NA,NA,"Standard","2026-08-15T14:52:16+07:00",2024,2,"Ford",7500
"947691604","[ LOW KM ] BMW X1 X 1 sDrive 1.8i XLine F48 Panoramic AT 2019 2020",2.85e+08,NA,"65.000-70.000",NA,NA,NA,NA,"Standard","2026-08-26T00:12:39+07:00",2019,7,"[",67500
"947398223","[ GARANSI 5TH ] Hyundai Palisade Signature 2.2 Panoramic AT 2023/2024",6.65e+08,NA,"25.000-30.000",NA,NA,NA,NA,"Standard","2026-08-11T14:43:27+07:00",2023,3,"[",27500
"946420141","[ LOW KM 19RB ] Mercedes Benz Mercy CLA200 CLA 200 AMG C118 2019/2020",4.95e+08,NA,"15.000-20.000",NA,NA,NA,NA,"Standard","2026-08-05T15:52:41+07:00",2019,7,"[",17500
"947496664","Toyota Yaris Hatchback 1.5 Trd 2021 Putih Km 30rb Record  Tdp 25jt",2.08e+08,NA,"35.000-40.000",NA,NA,NA,NA,"Standard","2026-08-24T12:00:28+07:00",2021,5,"Toyota",37500
"946145749","Audi A5 couple 2012",3.88e+08,NA,"60.000-65.000",NA,NA,NA,NA,"Standard","2026-08-24T10:32:46+07:00",2012,14,"Audi",62500
"947550981","MercBenz S450 2023 Termurah istimewa",1.475e+09,NA,"15.000-20.000",NA,NA,NA,NA,"Standard","2026-08-18T14:41:13+07:00",2023,3,"MercBenz",17500
"947747993","Camry 2.5 V AT 2019 Atittude Black",2.63e+08,NA,"65.000-70.000",NA,NA,NA,NA,"Standard","2026-08-27T07:37:12+07:00",2019,7,"Camry",67500
"947156430","[ LOW KM 39RB ] Toyota Alphard 2.5 G Pilot Seat AT 2017/2018",4.85e+08,NA,"35.000-40.000",NA,NA,NA,NA,"Standard","2026-08-01T11:28:36+07:00",2017,9,"[",37500
"947588554","Wuling Almaz 2021 7 seater AT",1.35e+08,NA,"90.000-95.000",NA,NA,NA,NA,"Standard","2026-08-20T08:34:57+07:00",2021,5,"Wuling",92500
"947693905","[ KM LOW ] Lexus NX200 NX 200 F-Sport F Sport AT Hitam 2017 2018",3.9e+08,NA,"45.000-50.000",NA,NA,NA,NA,"Standard","2026-08-24T17:19:45+07:00",2017,9,"[",47500
"947245190","[ WELCAB - LOW KM 24RB ] Toyota Vellfire 2.5 G AT 2018/2019",5.9e+08,NA,"20.000-25.000",NA,NA,NA,NA,"Standard","2026-08-05T09:54:30+07:00",2018,8,"[",22500
"946565003","DP10% [Km6.000] 330i M-Sport Pro 2025 Black Reg 2026 #AUTOHIGH",9.45e+08,NA,"0-5.000",NA,NA,NA,NA,"Standard","2026-08-06T12:30:41+07:00",2025,1,"DP10%",2500
"947355504","[ GARANSI 5TH ] Mazda CX5 CX 5 CX-5 2.5 Kuro Edition Sunroof 2022/2023",3.75e+08,NA,"45.000-50.000",NA,NA,NA,NA,"Standard","2026-08-09T17:45:28+07:00",2022,4,"[",47500
"944928014","Mercedes benz sprinter A2 MT 2015",7.5e+08,NA,"10.000-15.000",NA,NA,NA,NA,"Standard","2026-08-07T10:13:54+07:00",2015,11,"Mercedes",12500
"947723329","BMW 320i Sport F30 2014 AT 2.0, ODO 53Ribu, Pajak  MEI 2027",2.25e+08,NA,"50.000-55.000",NA,NA,NA,NA,"Standard","2026-08-26T01:08:33+07:00",2014,12,"BMW",52500
"947336413","[ GARANSI 5TH ] Mazda CX5 CX 5 CX-5 2.5 Kuro Edition Sunroof 2022/2023",3.75e+08,NA,"45.000-50.000",NA,NA,NA,NA,"Standard","2026-08-08T17:19:15+07:00",2022,4,"[",47500
"947759005","BMW X1 xLine 2021/ 2022 KM 4rb ANTIK",4.75e+08,NA,"0-5.000",NA,NA,NA,NA,"Standard","2026-08-27T14:57:16+07:00",2021,5,"BMW",2500
"945817570","Mercedes Benz GLB200 Progressive Line 2024 mercy GLB 200 Putih Km13rb",7.95e+08,NA,"10.000-15.000",NA,NA,NA,NA,"Standard","2026-08-24T16:30:16+07:00",2024,2,"Mercedes",12500
"947530519","Lexus LX600 VIP 2+2 NIK 2023 4 Seater 2024 7 Seat 2022 LX700 2025",3.122e+09,NA,"0-5.000",NA,NA,NA,NA,"Standard","2026-08-17T13:40:23+07:00",2023,3,"Lexus",2500
"947368597","(KM35000)HONDA BRV PRESTIGE SENSING 2023 NIK 2022 ISTIMEWA KM RENDAH!!",1.86e+08,NA,"35.000-40.000",NA,NA,NA,NA,"Standard","2026-08-30T10:44:04+07:00",2023,3,"(KM35000)HONDA",37500
"947467940","Toyota Alphard G 2022",7.25e+08,NA,"50.000-55.000",NA,NA,NA,NA,"Standard","2026-08-14T11:36:00+07:00",2022,4,"Toyota",52500
"945933699","[ 4x4 ] Toyota Land Cruiser LC 300 VX-R VXR TSS Diesel AT 2023/2024",1.95e+09,NA,"25.000-30.000",NA,NA,NA,NA,"Standard","2026-08-25T14:30:19+07:00",2023,3,"[",27500
"946237125","[ RARE - ANTIK 34RB KM ] Toyota Crown Royal 3.5 Athlete G AT 2013 2014",4.95e+08,NA,"30.000-35.000",NA,NA,NA,NA,"Standard","2026-08-26T15:21:51+07:00",2013,13,"[",32500
"947517169","Km 37rb mercedes benz mercy c200 avantgarde line 2019 putih",3.89e+08,NA,"35.000-40.000",NA,NA,NA,NA,"Standard","2026-08-16T16:09:17+07:00",2019,7,"Km",37500
"947484414","DP10% [Km10.000] GLC300 AMG 2023 Black / GLC 300 Reg 2024 #AUTOHIGH",1.115e+09,NA,"0-5.000",NA,NA,NA,NA,"Standard","2026-08-14T23:00:46+07:00",2023,3,"DP10%",2500
"946794506","DP10% [Km30.000] E350 AMG EQ Boost 2019 Black Reg 2020 #AUTOHIGH",6.1e+08,NA,"20.000-25.000",NA,NA,NA,NA,"Standard","2026-08-16T11:03:24+07:00",2019,7,"DP10%",22500
"947721914","[ 4x4 - XWD ] Jetour T2 T 2 2.0 Turbo Bensin Non Hybrid 2026 2025",4.88e+08,NA,"10.000-15.000",NA,NA,NA,NA,"Standard","2026-08-25T22:13:00+07:00",2026,0,"[",12500
"947750031","Honda City 1.5 i-VTEC Matic RS 2011 - Milik Pribadi Siap Pakai",1.1e+08,NA,"130.000-135.000",NA,NA,NA,NA,"Standard","2026-08-27T10:09:04+07:00",2011,15,"Honda",132500
"944200163","Mercedes Benz A200 Progressive 2025 2rb KM ONLY like new second price",6.78e+08,NA,"0-5.000",NA,NA,NA,NA,"Standard","2026-08-27T15:04:54+07:00",2025,1,"Mercedes",2500
"947384644","DP10% [Km24.000] GLC200 AMG 2019 White / GLC 200 Reg 2020 #AUTOHIGH",5.95e+08,NA,"15.000-20.000",NA,NA,NA,NA,"Standard","2026-08-20T00:22:42+07:00",2019,7,"DP10%",17500
"947560453","Santa Fe Hybrid Calligraphy 2025 Bandung",6.6e+08,NA,"15.000-20.000",NA,NA,NA,NA,"Standard","2026-08-18T22:01:53+07:00",2025,1,"Santa",17500
"947387196","Km 8rb toyota granace turbo diesel 2023 putih",1.25e+09,NA,"5.000-10.000",NA,NA,NA,NA,"Standard","2026-08-11T07:49:45+07:00",2023,3,"Km",7500
"947328873","Wuling Almaz Turbo (Exclusive)
7-Seater 
2019",1.52e+08,NA,"70.000-75.000",NA,NA,NA,NA,"Standard","2026-08-08T12:21:31+07:00",2019,7,"Wuling",72500
"947517629","Mercedes Benz A140 2002 Manual Hijau Metalik",4.4e+07,NA,"125.000-130.000",NA,NA,NA,NA,"Standard","2026-08-27T09:34:42+07:00",2002,24,"Mercedes",127500
"947774224","HONDA BRV PRESTIGE SENSING 1.5 2022",2.4e+08,NA,"25.000-30.000",NA,NA,NA,NA,"Standard","2026-08-28T16:05:57+07:00",2022,4,"HONDA",27500
"947547467","Tdp 0 - Toyota Sienta V AT 2017 Antik",1.38e+08,NA,"95.000-100.000",NA,NA,NA,NA,"Standard","2026-08-19T09:20:03+07:00",2017,9,"Tdp",97500
"947581764","KM60rb 520i f10 BMW 2012 530i 2013 E200 E300 tgn1 2014 terawat",2.2e+08,NA,"60.000-65.000",NA,NA,NA,NA,"Standard","2026-08-19T19:22:03+07:00",2012,14,"KM60rb",62500
"947825184","SUZUKI GRAND VITARA 2.4 BENSIN AT 2016",1.45e+08,NA,"115.000-120.000",NA,NA,NA,NA,"Standard","2026-08-30T15:14:19+07:00",2016,10,"SUZUKI",117500
"947248477","[ KM 700 PERAK ] Mitsubishi Destinator 1.5 Ultimate DS 2025/2026",4.29e+08,NA,"0-5.000",NA,NA,NA,NA,"Standard","2026-08-05T11:36:51+07:00",2025,1,"[",2500
"947435668","Toyota Zenix 2.0 G Hybrid HV CVT AT Hitam Metalik 2023 Like New Low KM",3.59e+08,NA,"20.000-25.000",NA,NA,NA,NA,"Standard","2026-08-31T11:18:25+07:00",2023,3,"Toyota",22500
"945749151","KM 28RB RECORD RESMI! HONDA ALL NEW HRV 1.5 SE 2024 / 2025 HR V HR-V",307500000,NA,"25.000-30.000",NA,NA,NA,NA,"Standard","2026-08-20T09:31:16+07:00",2024,2,"KM",27500
"947820021","Renault Koleos 2019 Bensin",1.7e+08,NA,"45.000-50.000",NA,NA,NA,NA,"Standard","2026-08-30T11:22:31+07:00",2019,7,"Renault",47500
"947569641","Km 20rb hyundai stargazer x prime captain seat 2025 putih",2.4e+08,NA,"20.000-25.000",NA,NA,NA,NA,"Standard","2026-08-19T11:38:04+07:00",2025,1,"Km",22500
"947443110","Suzuki Ignis GL 2018 Automatic Terawat",9.7e+07,NA,"135.000-140.000",NA,NA,NA,NA,"Standard","2026-08-30T07:23:52+07:00",2018,8,"Suzuki",137500
"947295978","DP10% [Km8.000] C200 Avantgarde 2024 Black Reg 2025 #AUTOHIGH",7.45e+08,NA,"0-5.000",NA,NA,NA,NA,"Standard","2026-08-26T16:37:47+07:00",2024,2,"DP10%",2500
"947640849","[ KM 316 PERAK ] Wuling Eksion EX EV Panoramic AT 2026/2025",4.05e+08,NA,"0-5.000",NA,NA,NA,NA,"Standard","2026-08-22T10:36:30+07:00",2026,0,"[",2500
"944158149","LAND CRUISER VXR200 ATPM AT 2020  LIMITED BLACK ON BLACK TOP CONDITION",1.619e+09,NA,"50.000-55.000",NA,NA,NA,NA,"Standard","2026-08-28T06:45:19+07:00",2020,6,"LAND",52500
"947734751","[ AWD - LOW KM 22RB ] Mazda CX9 CX-9 CX 9 2.5 Skyactive 2022/2023",5.02e+08,NA,"20.000-25.000",NA,NA,NA,NA,"Standard","2026-08-26T15:46:48+07:00",2022,4,"[",22500
"940320365","Only 13k miles BMW X7 2021",1.265e+09,NA,"10.000-15.000",NA,NA,NA,NA,"Standard","2026-08-07T12:11:23+07:00",2021,5,"Only",12500
"947701749","MG Morris Garage ZS Magnify 1.5 Panoramic Merah 2025 NIK 2024 Like New",2.15e+08,NA,"5.000-10.000",NA,NA,NA,NA,"Standard","2026-08-25T01:55:04+07:00",2025,1,"MG",7500
"947720264","[LOW KM 9.000] TOYOTA RUSH TRD AT 2021 SILVER TT 2022 GR MATIC",2.1e+08,NA,"5.000-10.000",NA,NA,NA,NA,"Standard","2026-08-25T20:21:30+07:00",2021,5,"[LOW",7500
"947690967","[ LOW KM ] Mercedes Benz Mercy E200 E 200 Avantgarde W213 2022/2023",5.85e+08,NA,"30.000-35.000",NA,NA,NA,NA,"Standard","2026-08-25T18:26:07+07:00",2022,4,"[",32500
"947467402","[ VIP 2+2 ] Lexus LM350 LM 350 Hybrid Executive 4 Seater 2025/2026",2.25e+09,NA,"5.000-10.000",NA,NA,NA,NA,"Standard","2026-08-14T11:17:19+07:00",2025,1,"[",7500
"947610064","DP10% [Km12.000] GLC200 AMG 2021 Black / GLC 200 Reg 2020 #AUTOHIGH",6.95e+08,NA,"5.000-10.000",NA,NA,NA,NA,"Standard","2026-08-20T22:54:54+07:00",2021,5,"DP10%",7500
"947384501","[BAGUS BANGET] Toyota Camry Hybrid 2012/2013# teana accord altis crv",1.39e+08,NA,"115.000-120.000",NA,NA,NA,NA,"Standard","2026-08-10T22:55:13+07:00",2012,14,"[BAGUS",117500
"947689172","BMW M3C Competition Touring M xDrive NIK 2024",2.25e+09,NA,"10.000-15.000",NA,NA,NA,NA,"Standard","2026-08-24T14:20:29+07:00",2024,2,"BMW",12500
"947401780","[ LOW KM 8RB ] Chery Tiggo 8 CSH Premium 1.5 Turbo Hybrid 2025/2026",4.09e+08,NA,"5.000-10.000",NA,NA,NA,NA,"Standard","2026-08-11T16:45:25+07:00",2025,1,"[",7500
"947040071","Honda HRV E AT 2019 Tgn 1",1.98e+08,NA,"75.000-80.000",NA,NA,NA,NA,"Standard","2026-08-29T18:01:20+07:00",2019,7,"Honda",77500
"947746394","[ LOW KM 2RB ] Mitsubishi Destinator 1,5 Ultimate 2026/2025",4.05e+08,NA,"0-5.000",NA,NA,NA,NA,"Standard","2026-08-28T01:27:21+07:00",2026,0,"[",2500
"947399772","[ GARANSI 5TH ] Honda Accord 1.5 VTEC Turbo Sunroof Sensing 2022/2023",3.95e+08,NA,"50.000-55.000",NA,NA,NA,NA,"Standard","2026-08-11T15:33:24+07:00",2022,4,"[",52500
"947088075","HONDA CITY RS SENSING 1.5 AT 2022 LOW KM GOOD CONDITION !!",2.05e+08,NA,"30.000-35.000",NA,NA,NA,NA,"Standard","2026-08-29T08:38:46+07:00",2022,4,"HONDA",32500
"946214988","Toyota Vios 2021 Bensin",1.65e+08,NA,"85.000-90.000",NA,NA,NA,NA,"Standard","2026-08-23T09:35:08+07:00",2021,5,"Toyota",87500
"947659701","[ KM LOW ] Chery Tiggo 8 Pro Premium 2.0 AT Panoramic 2023/2024",2.65e+08,NA,"15.000-20.000",NA,NA,NA,NA,"Standard","2026-08-28T21:55:26+07:00",2023,3,"[",17500
"947252141","[ KM 700 PERAK ] Mitsubishi Destinator 1,5 Ultimate DS 2025/2026",4.29e+08,NA,"0-5.000",NA,NA,NA,NA,"Standard","2026-08-05T13:37:39+07:00",2025,1,"[",2500
"947670983","[ TIDAK JADI PAKAI ] BYD M6 M 6 Superior Captain 6Seater EV 2025/2026",3.48e+08,NA,"0-5.000",NA,NA,NA,NA,"Standard","2026-08-28T07:48:35+07:00",2025,1,"[",2500
"947683531","AUDI A5 Coupe 2.0 TFSI TH : 2012",3.88e+08,NA,"60.000-65.000",NA,NA,NA,NA,"Standard","2026-08-24T11:01:09+07:00",2012,14,"AUDI",62500
"945580153","Mercedes Benz CLA200 AMG 2015",2.75e+08,NA,"40.000-45.000",NA,NA,NA,NA,"Standard","2026-08-29T23:14:41+07:00",2015,11,"Mercedes",42500
"947796446","(BRAND NEW NIK 2026) LEXUS LX700H Hybrid 2026 Ready stock siap pakai",3.875e+09,NA,"0",NA,NA,NA,NA,"Standard","2026-08-29T09:32:36+07:00",2026,0,"(BRAND",0
"947731985","[ LOW KM 32RB ] Mercedes Benz Mercy C 300 C300 AMG Line W205 2018/2019",4.15e+08,NA,"30.000-35.000",NA,NA,NA,NA,"Standard","2026-08-26T12:17:02+07:00",2018,8,"[",32500
"947157252","[ GARANSI 5TH ] Hyundai Palisade Signature 2.2 Panoramic AT 2023/2024",6.62e+08,NA,"30.000-35.000",NA,NA,NA,NA,"Standard","2026-08-07T22:25:43+07:00",2023,3,"[",32500
"947707396","Suzuki Ignis GL 1.2 AGS Thn 2017 odo 50rb",1.12e+08,NA,"45.000-50.000",NA,NA,NA,NA,"Standard","2026-08-29T10:41:32+07:00",2017,9,"Suzuki",47500
"947841480","Hyundai Santa fe TMFL 2022 Signature Diesel",5.25e+08,NA,"20.000-25.000",NA,NA,NA,NA,"Standard","2026-08-31T13:18:48+07:00",2022,4,"Hyundai",22500
"947717616","DP10% [Km13.000] GLA200 AMG 2024 Black / GLA 200 Reg 2025 #AUTOHIGH",7.2e+08,NA,"5.000-10.000",NA,NA,NA,NA,"Standard","2026-08-25T18:05:07+07:00",2024,2,"DP10%",7500
"947492441","KM12RB BMW M3C Competition Touring M xDrive NIK 2024 Curved Display In",2.25e+09,NA,"10.000-15.000",NA,NA,NA,NA,"Standard","2026-08-15T11:47:58+07:00",2024,2,"KM12RB",12500
"947160049","[BERGARANSI] Toyota Innova Zenix Q Hybrid 2.0 Modelista TSS 2025/2026",5.09e+08,NA,"15.000-20.000",NA,NA,NA,NA,"Standard","2026-08-01T13:43:35+07:00",2025,1,"[BERGARANSI]",17500
"946853826","(KM 8 RIBU) TOYOTA YARIS 1.5 S TRD SPORTIVO MATIC BENSIN 2020 SILVER*",2.32e+08,NA,"5.000-10.000",NA,NA,NA,NA,"Standard","2026-08-21T14:02:27+07:00",2020,6,"(KM",7500
"947329880","[ LOW KM 28RB ] Lexus ES300 ES 300 Hybrid Ultra Luxury 2020/2021",6.45e+08,NA,"25.000-30.000",NA,NA,NA,NA,"Standard","2026-08-08T13:00:53+07:00",2020,6,"[",27500
"947529241","TOYOTA VELLFIRE 2.5 G AT 2023 - Upgrade Lexus LM",8.39e+08,NA,"30.000-35.000",NA,NA,NA,NA,"Standard","2026-08-17T12:29:37+07:00",2023,3,"TOYOTA",32500
"947803723","[ GARANSI 5TH ] Honda CRV CR-V CR V 1.5 Turbo Prestige 2020 2021",3.19e+08,NA,"50.000-55.000",NA,NA,NA,NA,"Standard","2026-08-29T13:37:04+07:00",2020,6,"[",52500
"946829277","TOYOTA YARIS CROSS GR HYBRID TSS 1.5 AT 2023/2024 LOW KM LOW 16rb !!",3.15e+08,NA,"10.000-15.000",NA,NA,NA,NA,"Standard","2026-08-21T19:52:22+07:00",2023,3,"TOYOTA",12500
"947793162","KM Low Chevrolet Trax LTZ 2016 #BJM1#",1.08e+08,NA,"80.000-85.000",NA,NA,NA,NA,"Standard","2026-08-29T00:45:35+07:00",2016,10,"KM",82500
"947715571","[ 4x4 - KM LOW 7RB ] Lexus LX 600 LX600 7 Seater F Sport AT 2023/2024",2.795e+09,NA,"5.000-10.000",NA,NA,NA,NA,"Standard","2026-08-28T16:40:28+07:00",2023,3,"[",7500
"947632181","Lexus RX300 Sport 2022 low km",8.75e+08,NA,"10.000-15.000",NA,NA,NA,NA,"Standard","2026-08-21T20:51:03+07:00",2022,4,"Lexus",12500
"947161044","[ LOW KM 13RB ] BYD Seal Performance 3.8s AWD Fullspec AT 2024/2025",4.72e+08,NA,"10.000-15.000",NA,NA,NA,NA,"Standard","2026-08-01T14:21:37+07:00",2024,2,"[",12500
"947310115","[ GARANSI 5TH ] Mitsubishi Pajero Sport Dakar Ultimate 4x2 2023/2024",4.15e+08,NA,"50.000-55.000",NA,NA,NA,NA,"Standard","2026-08-07T15:29:45+07:00",2023,3,"[",52500
"945831454","Toyota Kijang Innova (2020)",2.57e+08,NA,"100.000-105.000",NA,NA,NA,NA,"Standard","2026-08-29T09:53:41+07:00",2020,6,"Toyota",102500
"947716192","[ BERGARANSI ] Toyota Innova Zenix Q Hybrid 2.0 Modelista 2023/2024",4.45e+08,NA,"45.000-50.000",NA,NA,NA,NA,"Standard","2026-08-25T16:47:38+07:00",2023,3,"[",47500
"947667951","Toyota All New Voxy TSS NIK 2023 Black On Black Full Original Tgn 1 Dr",3.75e+08,NA,"45.000-50.000",NA,NA,NA,NA,"Standard","2026-08-23T13:53:01+07:00",2023,3,"Toyota",47500
"947343255","Mercedes-Benz C300 AMG 2019 AT 2.0,Odo 22Ribu,Pajak Panjang MARET 2027",4.9e+08,NA,"20.000-25.000",NA,NA,NA,NA,"Standard","2026-08-18T23:20:56+07:00",2019,7,"Mercedes-Benz",22500
"947781705","[ LOW KM 10RB ] Chery Tiggo 8 Premium 290 T 1.6 Panoramic 2025 2026",3.05e+08,NA,"5.000-10.000",NA,NA,NA,NA,"Standard","2026-08-28T14:42:01+07:00",2025,1,"[",7500
"947782810","BMW 530i G30 Facelift LCI 2022",8.19e+08,NA,"15.000-20.000",NA,NA,NA,NA,"Standard","2026-08-28T15:15:35+07:00",2022,4,"BMW",17500
"947550731","HYUNDAI STARGAZER PRIME 2022 1.5 AT CAPTAIN SEAT KM.57RB",1.87e+08,NA,"55.000-60.000",NA,NA,NA,NA,"Standard","2026-08-18T14:31:47+07:00",2022,4,"HYUNDAI",57500
"947713855","[ VIP 2+2 - 4x4 ] Lexus LX 600 LX600 4 Seat AT Hitam 2023 2024",2.445e+09,NA,"40.000-45.000",NA,NA,NA,NA,"Standard","2026-08-28T16:00:26+07:00",2023,3,"[",42500
"947333687","Km 9Rb Mazda 3 2025 Hatchback",4.6e+08,NA,"5.000-10.000",NA,NA,NA,NA,"Standard","2026-08-26T18:36:57+07:00",2025,1,"Km",7500
"947593889","Km 8Rb Mercedes Benz GLE 450 AMG 2022",1.06e+09,NA,"5.000-10.000",NA,NA,NA,NA,"Standard","2026-08-20T11:33:55+07:00",2022,4,"Km",7500
"946104105","[ 4x4 ] GWM Tank 500 HEV Hybrid 2.0 AWD AT 2024/2025",7.65e+08,NA,"25.000-30.000",NA,NA,NA,NA,"Standard","2026-08-25T17:39:31+07:00",2024,2,"[",27500
"947320117","[ 4x4 - KM 2RB ] Toyota Hilux 2.4 V DC Double Cabin Diesel 2025/2026",4.85e+08,NA,"0-5.000",NA,NA,NA,NA,"Standard","2026-08-08T03:20:21+07:00",2025,1,"[",2500
"947820264","(KM20000)WULING ALMAZ RS PRO 7 SEATER SUNROOF ADAS NIK 2023 KM RENDAH",1.78e+08,NA,"20.000-25.000",NA,NA,NA,NA,"Standard","2026-08-31T09:40:00+07:00",2023,3,"(KM20000)WULING",22500
"947199920","[ LOW KM 11RB ] Mercedes Benz Mercy S500 S 500 AMG W223 2023/2024",1.73e+09,NA,"10.000-15.000",NA,NA,NA,NA,"Standard","2026-08-19T16:19:16+07:00",2023,3,"[",12500
"947780923","[ LOW MILES 13RB ] BMW iX xDrive40 Xdrive 40 Sport 2023/2024",1.155e+09,NA,"10.000-15.000",NA,NA,NA,NA,"Standard","2026-08-28T14:17:27+07:00",2023,3,"[",12500
"947801911","KM40000)HONDA CRV 2.4 AT PRESTIGE 2014 NIK 2013 ISTIMEWA KM RENDAH!!",1.35e+08,NA,"30.000-35.000",NA,NA,NA,NA,"Standard","2026-08-31T09:41:26+07:00",2014,12,"KM40000)HONDA",32500
"947662302","NISSAN XTRAIL 2.5 AT 2014 HITAM",1.38e+08,NA,"115.000-120.000",NA,NA,NA,NA,"Standard","2026-08-23T09:51:11+07:00",2014,12,"NISSAN",117500
"947798135","Mazda cx5 kuro edition awd 2024 abu metalik sunroof",4.25e+08,NA,"35.000-40.000",NA,NA,NA,NA,"Standard","2026-08-29T10:21:41+07:00",2024,2,"Mazda",37500
"947425235","Lexus RZ450e Luxury 2023 AWD EV (#RZ 450e #2024)",1.05e+09,NA,"35.000-40.000",NA,NA,NA,NA,"Standard","2026-08-13T12:55:27+07:00",2023,3,"Lexus",37500
"944638850","Mercedes Benz G63 Offroad Pro Edition 2026",7.8e+09,NA,"0-5.000",NA,NA,NA,NA,"Standard","2026-08-27T05:29:16+07:00",2026,0,"Mercedes",2500
"947712252","[ 4x4 ] Toyota Land Cruiser LC 300 VX-R VXR TSS Diesel AT 2023/2024",1.95e+09,NA,"25.000-30.000",NA,NA,NA,NA,"Standard","2026-08-25T13:51:51+07:00",2023,3,"[",27500
"947576436","Tangan 1 Full Record Nissan Xtrail 2.5 2017 #BJM1#",1.57e+08,NA,"120.000-125.000",NA,NA,NA,NA,"Standard","2026-08-19T15:32:29+07:00",2017,9,"Tangan",122500
"947808614","(Low Km) DP 35jt Honda BR-V Prestige Sensing AT 2023 Tgn1 ISTIMEWA",2.2e+08,NA,"30.000-35.000",NA,NA,NA,NA,"Standard","2026-08-29T16:49:32+07:00",2023,3,"(Low",32500
"947235429","DP10% [Km4.000] Voxy 2025 Black Reg 2026 #AUTOHIGH",5e+08,NA,"0-5.000",NA,NA,NA,NA,"Standard","2026-08-26T22:21:31+07:00",2025,1,"DP10%",2500
"947733006","[ LOW KM 18RB ] Volkswagen VW T-Cross T Cross 1.0 Sunroof 2024/2025",2.45e+08,NA,"15.000-20.000",NA,NA,NA,NA,"Standard","2026-08-26T13:01:06+07:00",2024,2,"[",17500
"947762446","Honda HRV 1.8 Prestige AT 2021 Terawat dan Termurah",2.55e+08,NA,"45.000-50.000",NA,NA,NA,NA,"Standard","2026-08-27T17:22:37+07:00",2021,5,"Honda",47500
"947329882","[ LOW KM 28RB ] Lexus ES300 ES 300 Hybrid Ultra Luxury 2020/2021",6.45e+08,NA,"25.000-30.000",NA,NA,NA,NA,"Standard","2026-08-08T13:01:00+07:00",2020,6,"[",27500
"946299446","RARE KM 19RB LOW !! MAZDA CX5 ELITE 2.5 CX-5 2022 AT MDL 2023/2024",3.63e+08,NA,"15.000-20.000",NA,NA,NA,NA,"Standard","2026-08-26T07:51:18+07:00",2022,4,"RARE",17500
"947772672","SUNROFT WULING CORTEZ 1.5T LUX+ 2019",1.22e+08,NA,"95.000-100.000",NA,NA,NA,NA,"Standard","2026-08-28T09:11:54+07:00",2019,7,"SUNROFT",97500
"947751063","Chery Omoda 5 1.5 Turbo Z Comfort NIK 2023",2.35e+08,NA,"35.000-40.000",NA,NA,NA,NA,"Standard","2026-08-29T17:41:21+07:00",2023,3,"Chery",37500
"947160909","[ GARANSI 5TH ] Hyundai Palisade Signature 2.2 Panoramic AT 2023 2024",6.62e+08,NA,"30.000-35.000",NA,NA,NA,NA,"Standard","2026-08-01T14:16:54+07:00",2023,3,"[",32500
"947733410","[ AWD - KM 10RB ] BYD Sealion 7 Performance 4.5s AT 2025/2026",6.29e+08,NA,"10.000-15.000",NA,NA,NA,NA,"Standard","2026-08-26T13:17:42+07:00",2025,1,"[",12500
"945897926","Nissan Grand livina 2011 Bensin",7.5e+07,NA,"135.000-140.000",NA,NA,NA,NA,"Standard","2026-08-14T07:08:11+07:00",2011,15,"Nissan",137500
"947732387","[ GARANSI 5TH ] Toyota Vellfire 2.5 G Pilot Seat AT Hitam 2023/2024",7.2e+08,NA,"65.000-70.000",NA,NA,NA,NA,"Standard","2026-08-26T12:40:34+07:00",2023,3,"[",67500
"947307205","[ AWD - BERGARANSI ] BYD Seal Performance 3.8s Fullspec AT 2024/2025",4.69e+08,NA,"25.000-30.000",NA,NA,NA,NA,"Standard","2026-08-07T13:55:09+07:00",2024,2,"[",27500
"946912429","DATSUN CROSS MATIC 2019 2018 LUXURY ORISINIL MULUS JOK SUDAH ELECTRIC",9e+07,NA,"90.000-95.000",NA,NA,NA,NA,"Standard","2026-08-25T15:43:54+07:00",2019,7,"DATSUN",92500
"947723683","[ LOW KM ] Mercedes Benz Mercy CLA200 CLA 200 C118 AT 2019/2020",4.85e+08,NA,"30.000-35.000",NA,NA,NA,NA,"Standard","2026-08-26T02:15:05+07:00",2019,7,"[",32500
"947764905","Toyota Zenix Q ModellistaHybrid A/T 2023,KM 39 RB",4.65e+08,NA,"10.000-15.000",NA,NA,NA,NA,"Standard","2026-08-29T14:07:32+07:00",2023,3,"Toyota",12500
"947413404","Dp 5 Juta / Mazda Biante 2.0L AT Skyactive 2015 Putih",137500000,NA,"125.000-130.000",NA,NA,NA,NA,"Standard","2026-08-26T11:37:06+07:00",2015,11,"Dp",127500
"947715203","BMW M4 Competition 2023",2.199e+09,NA,"0-5.000",NA,NA,NA,NA,"Standard","2026-08-25T16:53:10+07:00",2023,3,"BMW",2500
"945968868","SIRION MT 2012 - SUPER ANTIK RARE ITEM",8.8e+07,NA,"25.000-30.000",NA,NA,NA,NA,"Standard","2026-08-29T11:22:45+07:00",2012,14,"SIRION",27500
"947288735","[GARANSI 5TH] Mitsubishi Pajero Sport Dakar 2.4 4x2 Sunroof 2022/2023",4.25e+08,NA,"45.000-50.000",NA,NA,NA,NA,"Standard","2026-08-10T09:05:55+07:00",2022,4,"[GARANSI",47500
"947645799","[ LOW KM 8RB ] Mazda 3 Mazda3 Hatchback HB 2.0 Sunroof 2023/2024",4.18e+08,NA,"5.000-10.000",NA,NA,NA,NA,"Standard","2026-08-27T10:04:46+07:00",2023,3,"[",7500
"947423505","[ GARANSI 5TH ] Toyota Alphard 2,5 G AT Pilot Seat 2018/2019",5.4e+08,NA,"50.000-55.000",NA,NA,NA,NA,"Standard","2026-08-12T14:09:28+07:00",2018,8,"[",52500
"947490775","TERIOS R ADVENTURE MATIC 2018 2017 BLACK EDITION ORISINIL KM LOW BAGUS",1.45e+08,NA,"90.000-95.000",NA,NA,NA,NA,"Standard","2026-08-15T10:50:39+07:00",2018,8,"TERIOS",92500
"947638276","Toyota camry v 2020 hitam sunroof pajak panjang",2.85e+08,NA,"70.000-75.000",NA,NA,NA,NA,"Standard","2026-08-22T08:46:09+07:00",2020,6,"Toyota",72500
"945600830","Mitsubishi Pajero Sport 2.4 Dakar 2019 sunroof",3.95e+08,NA,"70.000-75.000",NA,NA,NA,NA,"Standard","2026-08-26T14:26:26+07:00",2019,7,"Mitsubishi",72500
"947768986","DP10% [Km8.000] Voxy 2025 Black Reg 2026 #AUTOHIGH",4.95e+08,NA,"0-5.000",NA,NA,NA,NA,"Standard","2026-08-27T23:01:12+07:00",2025,1,"DP10%",2500
"947774982","[ ODO 3RB ] BMW 330i LCI M Sport Pro 2024",8.45e+08,NA,"0-5.000",NA,NA,NA,NA,"Standard","2026-08-28T10:40:00+07:00",2024,2,"[",2500
"947753573","MITSUBISHI OUTLANDER SPORT PX AT 2013 - MOBIL BEKAS",1.25e+08,NA,"120.000-125.000",NA,NA,NA,NA,"Standard","2026-08-31T09:32:52+07:00",2013,13,"MITSUBISHI",122500
"943544663","NIK 2011 Mercedes-Benz C63 AMG Iridium Silver Metallic",1.3e+09,NA,"10.000-15.000",NA,NA,NA,NA,"Standard","2026-08-26T10:40:38+07:00",2011,15,"NIK",12500
"947688375","[ LOW KM 31RB ] Mercedes Benz Mercy GLA200 GLA 200 AMG X156 2018/2019",3.2e+08,NA,"30.000-35.000",NA,NA,NA,NA,"Standard","2026-08-26T11:58:27+07:00",2018,8,"[",32500
"947571996","[ LOW KM 13RB ] Honda Accord 2.0 RS E-HEV Hybrid Sensing 2024/2025",6.8e+08,NA,"10.000-15.000",NA,NA,NA,NA,"Standard","2026-08-19T12:56:39+07:00",2024,2,"[",12500
"947410946","[ GARANSI 5TH ] Hyundai Palisade Signature 2,2 Panoramic AT 2023/2024",6.6e+08,NA,"30.000-35.000",NA,NA,NA,NA,"Standard","2026-08-12T04:12:45+07:00",2023,3,"[",32500
"947312459","Jual Cepat : 2019 Mitsubishi Xpander Ultimate 1.5 AT Abu Tua Record",1.9e+08,NA,"80.000-85.000",NA,NA,NA,NA,"Standard","2026-08-13T16:18:42+07:00",2019,7,"Jual",82500
"947395761","MOBIL SPORTS PORSCHE CAYMAN 2014 SPORT CHRONO 2.7 PDK LOW KM.17RB",1.175e+09,NA,"15.000-20.000",NA,NA,NA,NA,"Standard","2026-08-11T13:26:35+07:00",2014,12,"MOBIL",17500
"947447089","Lexus LX570 2012 Bensin",7.5e+08,NA,"85.000-90.000",NA,NA,NA,NA,"Standard","2026-08-30T11:38:22+07:00",2012,14,"Lexus",87500
"947808129","City HB RS at 2021 Putih ,Tdp 12jt",1.95e+08,NA,"45.000-50.000",NA,NA,NA,NA,"Standard","2026-08-30T13:28:48+07:00",2021,5,"City",47500
"947279733","[ BERGARANSI ] Mercedes Benz Mercy GLC200 GLC 200 AMG X253 2018/2019",3.49e+08,NA,"90.000-95.000",NA,NA,NA,NA,"Standard","2026-08-06T11:45:55+07:00",2018,8,"[",92500
"947780446","[ LOW KM 14RB ] Toyota Avanza Veloz 1.5 Q CVT Non TSS AT 2023/2024",2.25e+08,NA,"10.000-15.000",NA,NA,NA,NA,"Standard","2026-08-28T14:03:02+07:00",2023,3,"[",12500
"945603993","Jeep Wrangler Rubicon JK 4 Door 3.0 AT 2015",9.25e+08,NA,"45.000-50.000",NA,NA,NA,NA,"Standard","2026-08-28T12:07:14+07:00",2015,11,"Jeep",47500
"944352612","DP10% [Km7.000] Z4 Cabrio M-Sport 2023 Black Reg 2022 #AUTOHIGH",1.325e+09,NA,"0-5.000",NA,NA,NA,NA,"Standard","2026-08-09T13:22:08+07:00",2023,3,"DP10%",2500
"947342237","Toyota Harrier Premium Advance 2.0 AT 2014 #CLK#",2.49e+08,NA,"90.000-95.000",NA,NA,NA,NA,"Standard","2026-08-09T00:07:30+07:00",2014,12,"Toyota",92500
"947699720","KM.30rb Suzuki Ignis GL 2021 Matik Rawatan #BJM1#",1.28e+08,NA,"25.000-30.000",NA,NA,NA,NA,"Standard","2026-08-24T22:31:11+07:00",2021,5,"KM.30rb",27500
"947530628","Mercedes Benz C200 NIK 2023 Mercy C 200 mdl 2024 W206 2022 C300 AMG",6.65e+08,NA,"10.000-15.000",NA,NA,NA,NA,"Standard","2026-08-17T13:46:11+07:00",2023,3,"Mercedes",12500
"947544224","Chery Tiggo 7 Pro Premium 1.5 Turbo Two Tone 2023 NIK 2022 Like New",2.19e+08,NA,"45.000-50.000",NA,NA,NA,NA,"Standard","2026-08-18T10:43:31+07:00",2023,3,"Chery",47500
"947516616","Toyota New Fortuner 2.4 GR Sport AT FACELIFT NIK 2022",4.45e+08,NA,"20.000-25.000",NA,NA,NA,NA,"Standard","2026-08-16T15:31:03+07:00",2022,4,"Toyota",22500
"947416982","[LOW KM 8RB] Mercedes Benz Mercy C 200 C200 Avantgarde W206 2024/2025",7.3e+08,NA,"5.000-10.000",NA,NA,NA,NA,"Standard","2026-08-12T11:01:22+07:00",2024,2,"[LOW",7500
"947841469","Mercedes Benz E300 AMG 2017 low km e 300 merci",4.75e+08,NA,"25.000-30.000",NA,NA,NA,NA,"Standard","2026-08-31T13:18:32+07:00",2017,9,"Mercedes",27500
"947841444","Mercedes Benz Mercy C200 C 200  ( W205 ) AMG 2017 Black on Black",3.35e+08,NA,"25.000-30.000",NA,NA,NA,NA,"Standard","2026-08-31T13:17:41+07:00",2017,9,"Mercedes",27500
"947256807","[ LOW KM 19RB ] Mercedes Benz Mercy CLA200 CLA 200 AMG C118 2019/2020",4.95e+08,NA,"15.000-20.000",NA,NA,NA,NA,"Standard","2026-08-05T16:02:17+07:00",2019,7,"[",17500
"947277687","[KM 32 RB] Nissan Serena HWS 2023 mdl 2022 Highway Star",3.02e+08,NA,"15.000-20.000",NA,NA,NA,NA,"Standard","2026-08-06T11:00:08+07:00",2023,3,"[KM",17500
"947395148","LAMBORGHINI GALLARDO LP560-4 5.2L V10 2012 LOW KM.15RB & PAJAK PANJANG",2.385e+09,NA,"10.000-15.000",NA,NA,NA,NA,"Standard","2026-08-12T13:07:19+07:00",2012,14,"LAMBORGHINI",12500
"947714587","[LOW KM] HONDA BRIO E CVT 2023 GREY ISTIMEWA TT 2024 ABU AT",1.5e+08,NA,"20.000-25.000",NA,NA,NA,NA,"Standard","2026-08-25T17:45:24+07:00",2023,3,"[LOW",22500
"947319152","Mitsubishi Pajero Sport Dakar Ultimate 2.4 Diesel 2023 Like New Record",4.15e+08,NA,"50.000-55.000",NA,NA,NA,NA,"Standard","2026-08-07T23:59:05+07:00",2023,3,"Mitsubishi",52500
"947367225","Jual Cepat Toyota Camry 2.5 V AT 2017 Hitam Km 90rb Service Record",1.92e+08,NA,"90.000-95.000",NA,NA,NA,NA,"Standard","2026-08-13T16:48:12+07:00",2017,9,"Jual",92500
"947397991","Camry Hybrid 2020",3.5e+08,NA,"80.000-85.000",NA,NA,NA,NA,"Standard","2026-08-11T14:35:01+07:00",2020,6,"Camry",82500
"947420625","Toyota Kijang Innova 2.0 G Matic 2013 Bensin AT Hitam",1.5e+08,NA,"160.000-165.000",NA,NA,NA,NA,"Standard","2026-08-12T12:45:41+07:00",2013,13,"Toyota",162500
"947817145","Wuling Almaz 2021 Bensin",1.6e+08,NA,"65.000-70.000",NA,NA,NA,NA,"Standard","2026-08-30T08:51:51+07:00",2021,5,"Wuling",67500
"947400621","[ GARANSI 5TH ] Hyundai Palisade Signature 2.2 Panoramic AT 2023/2024",6.6e+08,NA,"30.000-35.000",NA,NA,NA,NA,"Standard","2026-08-11T16:00:26+07:00",2023,3,"[",32500
"947214929","(KM40000)WULING CORTEZ 1.5 L T LUX EX 2022 NIK 2021 SUNROOF KM RENDAH",1.1e+08,NA,"40.000-45.000",NA,NA,NA,NA,"Standard","2026-08-29T09:41:03+07:00",2022,4,"(KM40000)WULING",42500
"947792723","• SERVICE RECORD • BMW X7 40I OPPULENCE 3.0 AT 2024 / 2025",1769999000,NA,"10.000-15.000",NA,NA,NA,NA,"Standard","2026-08-28T23:28:20+07:00",2024,2,"•",12500
"947794674","Nav1 V 2.0 Autonatic AT 2013",1.25e+08,NA,"125.000-130.000",NA,NA,NA,NA,"Standard","2026-08-29T07:11:27+07:00",2013,13,"Nav1",127500
"947471088","Mini Cooper 2.0 S Turbo 3 Doors FACELIFT DIGITAL SPEEDO NIK 2022",6.15e+08,NA,"35.000-40.000",NA,NA,NA,NA,"Standard","2026-08-16T13:04:31+07:00",2022,4,"Mini",37500
"947644168","[ LOW KM ] Hyundai Ioniq 5 Long Range Signature EV 2022 2023",4.2e+08,NA,"30.000-35.000",NA,NA,NA,NA,"Standard","2026-08-28T14:37:23+07:00",2022,4,"[",32500
"944633594","Hyundai Palisade Signature 2021 FULL PPF LOW KM",5.49e+08,NA,"25.000-30.000",NA,NA,NA,NA,"Standard","2026-08-28T13:07:28+07:00",2021,5,"Hyundai",27500
"944634919","Mercedes Benz CLA200 AMG C177 2016",2.75e+08,NA,"25.000-30.000",NA,NA,NA,NA,"Standard","2026-08-30T10:31:07+07:00",2016,10,"Mercedes",27500
"947814941","Toyota Kijang Innova 2.0 G AT 2012 Silver Met",1.28e+08,NA,"135.000-140.000",NA,NA,NA,NA,"Standard","2026-08-30T00:24:55+07:00",2012,14,"Toyota",137500
"944198671","DP10% [Km11.000] C300 AMG 2018 White Reg 2019 #AUTOHIGH",4.8e+08,NA,"5.000-10.000",NA,NA,NA,NA,"Standard","2026-08-04T01:05:32+07:00",2018,8,"DP10%",7500
"947427276","[ 4x4 - LOW KM 3RB ] BAIC BJ40 BJ 40 Plus 2,0 Turbo AWD 2024/2025",4.65e+08,NA,"0-5.000",NA,NA,NA,NA,"Standard","2026-08-12T16:54:17+07:00",2024,2,"[",2500
"947538747","Km 2rb suzuki jimny 4x4 matic 3 door 2025 hitam",4.05e+08,NA,"0-5.000",NA,NA,NA,NA,"Standard","2026-08-17T23:25:03+07:00",2025,1,"Km",2500
"947524739","Suzuki APV arena GL ambulance ambulan 2010 GX 2011",8.9e+07,NA,"100.000-105.000",NA,NA,NA,NA,"Standard","2026-08-17T08:01:04+07:00",2010,16,"Suzuki",102500
"947756201","Mazda Cx3 Sport At 2024",2.95e+08,NA,"20.000-25.000",NA,NA,NA,NA,"Standard","2026-08-27T13:25:59+07:00",2024,2,"Mazda",22500
"947731334","[ 4x4 - KM 3RB ] Jetour T2 T 2 2.0 Turbo Bensin Non Hybrid 2026/2025",5.09e+08,NA,"0-5.000",NA,NA,NA,NA,"Standard","2026-08-27T17:14:12+07:00",2026,0,"[",2500
"947331792","Peugeot 5008 Allure Plus 2021 GRESS Full Record #BJM1#",3.18e+08,NA,"45.000-50.000",NA,NA,NA,NA,"Standard","2026-08-27T12:00:51+07:00",2021,5,"Peugeot",47500
"947418785","CUMA 65JT!! BMW X5 XDRIVE 35i XLINE 2017 A/T",4.51e+08,NA,"30.000-35.000",NA,NA,NA,NA,"Standard","2026-08-12T11:48:21+07:00",2017,9,"CUMA",32500
"947467336","Mercedes Benz S500L 2004 Automatic Hitam metalik",1.29e+08,NA,"155.000-160.000",NA,NA,NA,NA,"Standard","2026-08-14T11:15:27+07:00",2004,22,"Mercedes",157500
"947295775","2017 BMW M3 LCI F80",1.435e+09,NA,"10.000-15.000",NA,NA,NA,NA,"Standard","2026-08-06T23:39:42+07:00",2017,9,"2017",12500
"947485093","Mercedes Benz GLE 400 Amg 2018",4.43e+08,NA,"35.000-40.000",NA,NA,NA,NA,"Standard","2026-08-20T22:58:24+07:00",2018,8,"Mercedes",37500
"944652232","Defender 110 SE 2022",2.2e+09,NA,"20.000-25.000",NA,NA,NA,NA,"Standard","2026-08-27T08:09:07+07:00",2022,4,"Defender",22500
"947518050","2021 Toyota Alphard G ATPM 2.5 New Model Facelift TDP 48jt",6.36e+08,NA,"45.000-50.000",NA,NA,NA,NA,"Standard","2026-08-16T17:02:12+07:00",2021,5,"2021",47500
"947686037","[ODO 400 PERAK] Mercedes Benz C 300 AMG 2026",9.75e+08,NA,"0-5.000",NA,NA,NA,NA,"Standard","2026-08-24T12:28:11+07:00",2026,0,"[ODO",2500
"947804924","Range Rover All New Evoque ATPM 2020 Abu2 B2974SMD Km26rb",9.5e+08,NA,"25.000-30.000",NA,NA,NA,NA,"Standard","2026-08-29T14:16:54+07:00",2020,6,"Range",27500
"946583015","Toyota Alphard G atpm 2.5 at 2022 (KM 52rb)",7.25e+08,NA,"45.000-50.000",NA,NA,NA,NA,"Standard","2026-08-15T13:33:59+07:00",2022,4,"Toyota",47500
"947433265","DP10% [Km4.000] C300 AMG 2023 Black Reg 2024 #AUTOHIGH",8.65e+08,NA,"0-5.000",NA,NA,NA,NA,"Standard","2026-08-12T20:41:31+07:00",2023,3,"DP10%",2500
"941600786","TERMURAH CASH BRV PRESTIGE SENSING 2022",2.05e+08,NA,"60.000-65.000",NA,NA,NA,NA,"Standard","2026-08-24T15:24:56+07:00",2022,4,"TERMURAH",62500
"947753331","Avanza Veloz 2023 Kondisi Istimewa, Low KM",2.36e+08,NA,"20.000-25.000",NA,NA,NA,NA,"Standard","2026-08-27T12:55:23+07:00",2023,3,"Avanza",22500
"947516716","[DP 50JT] TOYOTA VOXY 2.0 AT 2021 HITAM ISTIMEWA TT 2020",2.65e+08,NA,"65.000-70.000",NA,NA,NA,NA,"Standard","2026-08-25T17:47:32+07:00",2021,5,"[DP",67500
"947701168","BAIC BJ40 BJ 40 Plus 2.0 Turbo 4x4 AWD AT Biru 2025 NIK 2024 Like New",4.65e+08,NA,"0-5.000",NA,NA,NA,NA,"Standard","2026-08-25T00:19:10+07:00",2025,1,"BAIC",2500
"947683452","[ GARANSI 5TH ] Hyundai Santafe Santa Fe 2.5 G Prime 2023 2024 Hitam",3.49e+08,NA,"60.000-65.000",NA,NA,NA,NA,"Standard","2026-08-28T13:01:12+07:00",2023,3,"[",62500
"946235839","[ GARANSI 5TH ] Toyota Alphard 2.5 G ATPM TSS Pilot Seat 2022 2023",7.2e+08,NA,"40.000-45.000",NA,NA,NA,NA,"Standard","2026-08-09T17:27:00+07:00",2022,4,"[",42500
"947575963","KM20RB  Toyota All New Avanza 1.5 G CVT AT Gray On Black NIK 2024",2.1e+08,NA,"15.000-20.000",NA,NA,NA,NA,"Standard","2026-08-19T15:10:51+07:00",2024,2,"KM20RB",17500
"947021309","[ LOW ODO 10rb miles ] Mazda CX3 Sport Sunroof 2024 non kuro touring",2.95e+08,NA,"10.000-15.000",NA,NA,NA,NA,"Standard","2026-08-27T14:33:43+07:00",2024,2,"[",12500
"947576164","Toyota All New Avanza 1.5 G CVT AT Gray On Black NIK 2024",2.1e+08,NA,"15.000-20.000",NA,NA,NA,NA,"Standard","2026-08-19T15:16:50+07:00",2024,2,"Toyota",17500
"947722380","DP10% [Km9.000] Vellfire VIP Hybrid Modellista 2024 Reg 2025 #AUTOHIGH",1.525e+09,NA,"0-5.000",NA,NA,NA,NA,"Standard","2026-08-25T22:48:46+07:00",2024,2,"DP10%",2500
"947405543","[ LOW KM ] Honda Odyssey Prestige 2020 km 40 rb pajak baru",3.45e+08,NA,"35.000-40.000",NA,NA,NA,NA,"Standard","2026-08-25T17:03:34+07:00",2020,6,"[",37500
"947180391","Km 60rb toyota vellfire g atpm 2023 hitam",7.52e+08,NA,"60.000-65.000",NA,NA,NA,NA,"Standard","2026-08-02T13:51:12+07:00",2023,3,"Km",62500
"947532209","[LOW KM 16.000] TOYOTA RAIZE GR SPORT 2025 PUTIH TT 2024 TURBO 1.0",2.2e+08,NA,"10.000-15.000",NA,NA,NA,NA,"Standard","2026-08-27T20:07:36+07:00",2025,1,"[LOW",12500
"947674537","Chevrolet Trax 2017 LTZ 1.4 AT Turbo KM Low Record Tgn 1 istimewa",1.23e+08,NA,"70.000-75.000",NA,NA,NA,NA,"Standard","2026-08-23T19:55:54+07:00",2017,9,"Chevrolet",72500
"947718450","Pajero Dakar 2017 hitam (Aha Gallery)",3.35e+08,NA,"140.000-145.000",NA,NA,NA,NA,"Standard","2026-08-25T18:49:09+07:00",2017,9,"Pajero",142500
"947828127","[ KM 1RB ] Suzuki Jimny 1.5 4x4 3 Door AT 2025/2026",3.99e+08,NA,"0-5.000",NA,NA,NA,NA,"Standard","2026-08-30T18:16:12+07:00",2025,1,"[",2500
"947369413","[ AWD ] Mazda CX5 CX 5 CX-5 2,5 Kuro Edition Sunroof AT 2024/2025",4.39e+08,NA,"20.000-25.000",NA,NA,NA,NA,"Standard","2026-08-10T12:16:49+07:00",2024,2,"[",22500
"947282101","(KM45000)HONDA CRV TURBO PRESTIGE SENSING 2022 NIK 2021 SUNROOF KM LOW",3.28e+08,NA,"45.000-50.000",NA,NA,NA,NA,"Standard","2026-08-30T10:53:10+07:00",2022,4,"(KM45000)HONDA",47500
"947693903","[ KM LOW ] Lexus NX200 NX 200 F-Sport F Sport AT Hitam 2017 2018",3.9e+08,NA,"45.000-50.000",NA,NA,NA,NA,"Standard","2026-08-24T17:19:37+07:00",2017,9,"[",47500
"945640783","WULING CLOUD PRO 2024 RECORD",2.1e+08,NA,"55.000-60.000",NA,NA,NA,NA,"Standard","2026-08-28T09:44:58+07:00",2024,2,"WULING",57500
"947403070","[ KM LOW ] Mercedes Benz Mercy C200 C 200 W205 Avantgarde 2019/2020",3.89e+08,NA,"35.000-40.000",NA,NA,NA,NA,"Standard","2026-08-11T17:40:00+07:00",2019,7,"[",37500
"947244700","[ 4x4 - KM 3RB ] BAIC BJ40 BJ 40 Plus 2.0 Turbo AT 2025/2026",5.2e+08,NA,"0-5.000",NA,NA,NA,NA,"Standard","2026-08-12T10:53:18+07:00",2025,1,"[",2500
"946643996","Mercy S400Li AT 2015 Good Condition",5.25e+08,NA,"35.000-40.000",NA,NA,NA,NA,"Standard","2026-08-11T10:18:11+07:00",2015,11,"Mercy",37500
"947689143","Honda CRV 1.5 Turbo Prestige 2019 Silver",2.9e+08,NA,"115.000-120.000",NA,NA,NA,NA,"Standard","2026-08-24T14:19:53+07:00",2019,7,"Honda",117500
"947199297","BMW 730Li M Sport 2022, RARE COLOUR !!",9e+08,NA,"35.000-40.000",NA,NA,NA,NA,"Standard","2026-08-03T11:59:27+07:00",2022,4,"BMW",37500
"947713364","BMW iX1 e Drive 2026",8.15e+08,NA,"10.000-15.000",NA,NA,NA,NA,"Standard","2026-08-25T14:41:20+07:00",2026,0,"BMW",12500
"947335536","[ GARANSI 5TH ] Toyota Alphard 2.5 G ATPM TSS Pilot Seat 2022 2023",7.2e+08,NA,"40.000-45.000",NA,NA,NA,NA,"Standard","2026-08-08T16:39:41+07:00",2022,4,"[",42500
"947376924","Mercedes Benz E300 AMG 2017 low km e 300 merci",4.75e+08,NA,"25.000-30.000",NA,NA,NA,NA,"Standard","2026-08-31T13:13:16+07:00",2017,9,"Mercedes",27500
"947248719","[GARANSI 5TH] Kia Grand Carnival Premiere 2.2 Diesel 7 Seat 2024 2025",6.5e+08,NA,"30.000-35.000",NA,NA,NA,NA,"Standard","2026-08-05T11:42:49+07:00",2024,2,"[GARANSI",32500
"947403382","Chevrolet Captiva Diesel 2013 Automatic Abu abu Metalik",1.09e+08,NA,"140.000-145.000",NA,NA,NA,NA,"Standard","2026-08-11T17:55:53+07:00",2013,13,"Chevrolet",142500
"946529910","[KM 22rb]  Baleno HB at merah 2023/2024",1.95e+08,NA,"20.000-25.000",NA,NA,NA,NA,"Standard","2026-08-29T16:17:37+07:00",2023,3,"[KM",22500
"947311354","(KM30000)HYUNDAI STARGAZER PRIME 2024 NIK 2023 ISTIMEWA KM RENDAH!!",1.54e+08,NA,"30.000-35.000",NA,NA,NA,NA,"Standard","2026-08-30T10:45:44+07:00",2024,2,"(KM30000)HYUNDAI",32500
"947676539","Toyota Zenix 2.0 G Non Hybrid CVT Bensin AT 2024/2025",2.94e+08,NA,"50.000-55.000",NA,NA,NA,NA,"Standard","2026-08-28T07:54:10+07:00",2024,2,"Toyota",52500
"947783345","[ LOW KM 32RB ] Mini Cooper MiniCooper Clubman 1.5 5 Door AT 2016 2017",3.9e+08,NA,"30.000-35.000",NA,NA,NA,NA,"Standard","2026-08-28T15:33:36+07:00",2016,10,"[",32500
"947599704","Mercedes-Benz S450 president AT Matic 2025 nik 2024",1.999e+09,NA,"0-5.000",NA,NA,NA,NA,"Standard","2026-08-20T14:44:45+07:00",2025,1,"Mercedes-Benz",2500
"947533942","2025[3RBMILES]Mercedes Benz S450 (PRESIDENT EDITION)SERI NUMBER [1/60]",1.999e+09,NA,"0-5.000",NA,NA,NA,NA,"Standard","2026-08-19T21:33:33+07:00",2025,1,"2025[3RBMILES]Mercedes",2500
"943845148","Hyundai stargazer prime captain seat 2022 pemakai",2e+08,NA,"25.000-30.000",NA,NA,NA,NA,"Standard","2026-08-13T15:17:10+07:00",2022,4,"Hyundai",27500
"947332483","[ LOW KM 30RB ] Toyota Sienta 1.5 V CVT AT 2021/2022",1.95e+08,NA,"30.000-35.000",NA,NA,NA,NA,"Standard","2026-08-26T12:12:18+07:00",2021,5,"[",32500
"947577607","[ GARANSI 5TH ] Toyota Camry 2.5 V Sunroof AT 2023/2024",4.05e+08,NA,"35.000-40.000",NA,NA,NA,NA,"Standard","2026-08-19T16:07:32+07:00",2023,3,"[",37500
"947402558","[ GARANSI 5TH ] Mitsubishi Pajero Sport Dakar 2.4 2021/2022",4.15e+08,NA,"40.000-45.000",NA,NA,NA,NA,"Standard","2026-08-11T17:16:02+07:00",2021,5,"[",42500
"947641348","[ GARANSI 5TH ] Toyota Voxy 2.0 CVT TSS Camera360 AT Putih 2024/2025",4.25e+08,NA,"20.000-25.000",NA,NA,NA,NA,"Standard","2026-08-30T21:06:15+07:00",2024,2,"[",22500
"947640548","Km 25rb kia grand carnival premiere diesel 11 seater 2023 hitam",5.5e+08,NA,"20.000-25.000",NA,NA,NA,NA,"Standard","2026-08-22T10:27:19+07:00",2023,3,"Km",22500
"946201334","HONDA HRV 1.5 SE CVT 2024 - KM 20RB AN & BANYAK PILIHAN KREDIT",3.25e+08,NA,"20.000-25.000",NA,NA,NA,NA,"Standard","2026-08-26T10:20:41+07:00",2024,2,"HONDA",22500
"947646750","TDP 2 JUTA. AVANZA G AT 2013",1.07e+08,NA,"120.000-125.000",NA,NA,NA,NA,"Standard","2026-08-22T13:57:00+07:00",2013,13,"TDP",122500
"947722147","Datsun Cross 1.2 AT Km27Rb 2019 FullOriginal SepertiBaru Gresss ISTW",8.8e+07,NA,"20.000-25.000",NA,NA,NA,NA,"Standard","2026-08-25T22:29:27+07:00",2019,7,"Datsun",22500
"947419567","[ LOW KM 10RB ] Toyota Alphard 2,5 HEV Hybrid Modelista TSS 2024/2025",1.35e+09,NA,"5.000-10.000",NA,NA,NA,NA,"Standard","2026-08-12T16:12:28+07:00",2024,2,"[",7500
"947807002","Peugeot 5008 Allure Plus FACELIFT 1.6 Turbo 165HP NIK 2022",3.65e+08,NA,"30.000-35.000",NA,NA,NA,NA,"Standard","2026-08-29T15:40:55+07:00",2022,4,"Peugeot",32500
"946257931","Mitsubishi Pajero Sport 2018 Diesel",3.6e+08,NA,"60.000-65.000",NA,NA,NA,NA,"Standard","2026-08-30T14:50:09+07:00",2018,8,"Mitsubishi",62500
"947438311","FOR SALE: Nissan X-Trail 2.5 Extremer 2015 (AT)",1.53e+08,NA,"45.000-50.000",NA,NA,NA,NA,"Standard","2026-08-13T08:24:00+07:00",2015,11,"FOR",47500
"947234087","[ WELCAB - LOW KM 24RB ] Toyota Vellfire 2.5 G AT 2018/2019",5.9e+08,NA,"20.000-25.000",NA,NA,NA,NA,"Standard","2026-08-04T17:48:01+07:00",2018,8,"[",22500
"945971106","HONDA HR-V SE MUGEN 1.5 A/T 2021",2.05e+08,NA,"65.000-70.000",NA,NA,NA,NA,"Standard","2026-08-15T11:20:25+07:00",2021,5,"HONDA",67500
"947601416","Cherry Tiggo7 premium 1.5.T automatic 2023",2.15e+08,NA,"20.000-25.000",NA,NA,NA,NA,"Standard","2026-08-20T15:44:15+07:00",2023,3,"Cherry",22500
"947711529","[ 4x4 - KM LOW 7RB ] Lexus LX 600 LX600 7 Seater F Sport AT 2023/2024",2.795e+09,NA,"5.000-10.000",NA,NA,NA,NA,"Standard","2026-08-28T15:50:00+07:00",2023,3,"[",7500
"945971419","Mitsubishi New Xpander ultimate 1.5 Automatic 2023",2.2e+08,NA,"55.000-60.000",NA,NA,NA,NA,"Standard","2026-08-22T10:47:52+07:00",2023,3,"Mitsubishi",57500
"946026090","DP10% [Km4.000] E200 Exclusive 2025 Black Reg 2026 #AUTOHIGH",1.195e+09,NA,"0-5.000",NA,NA,NA,NA,"Standard","2026-08-14T10:58:06+07:00",2025,1,"DP10%",2500
"947802082","KM16RB  Mitsubishi Destinator Ultimate 1.5L Turbo CVT NIK 2025 Akhir L",4.15e+08,NA,"15.000-20.000",NA,NA,NA,NA,"Standard","2026-08-29T12:32:44+07:00",2025,1,"KM16RB",17500
"947160022","[BERGARANSI] Toyota Innova Zenix Q Hybrid 2.0 Modelista TSS 2025 2026",5.09e+08,NA,"15.000-20.000",NA,NA,NA,NA,"Standard","2026-08-01T13:42:40+07:00",2025,1,"[BERGARANSI]",17500
"946060182","Mercedes Benz Mercy GLC200 GLC 200 AMG Line X253 Facelift 2021 Low KM",6.35e+08,NA,"20.000-25.000",NA,NA,NA,NA,"Standard","2026-08-19T17:15:50+07:00",2021,5,"Mercedes",22500
"947231823","[GARANSI 5TH] Kia Grand Carnival Premiere 2.2 Diesel 7 Seat 2024/2025",6.5e+08,NA,"30.000-35.000",NA,NA,NA,NA,"Standard","2026-08-07T21:13:00+07:00",2024,2,"[GARANSI",32500
"947627506","Km 51rb honda civic turbo es sedan 2018 hitam",2.65e+08,NA,"50.000-55.000",NA,NA,NA,NA,"Standard","2026-08-21T16:32:40+07:00",2018,8,"Km",52500
"947498211","Hyundai Creta Prime 1.5 AT nik 2023 putih",2.55e+08,NA,"30.000-35.000",NA,NA,NA,NA,"Standard","2026-08-18T11:05:21+07:00",2023,3,"Hyundai",32500
"947419488","[ LOW KM 10RB ] Toyota Alphard 2.5 HEV Hybrid Modelista TSS 2024 2025",1.35e+09,NA,"10.000-15.000",NA,NA,NA,NA,"Standard","2026-08-12T12:08:09+07:00",2024,2,"[",12500
"947683264","Km 40Rb Cx9 Skyactiv 2021",3.95e+08,NA,"35.000-40.000",NA,NA,NA,NA,"Standard","2026-08-26T14:50:06+07:00",2021,5,"Km",37500
"946508752","Mazda CX-30 GT 2020",2.8e+08,NA,"50.000-55.000",NA,NA,NA,NA,"Standard","2026-08-04T11:33:01+07:00",2020,6,"Mazda",52500
"947425923","[ GARANSI 5TH ] Toyota Voxy 2.0 CVT Camera360 TSS 2023 2024",3.99e+08,NA,"15.000-20.000",NA,NA,NA,NA,"Standard","2026-08-12T15:20:59+07:00",2023,3,"[",17500
"947403120","[ GARANSI 5TH ] Mitsubishi Xpander Cross Premium Plus 1.5 AT 2021/2022",2.05e+08,NA,"50.000-55.000",NA,NA,NA,NA,"Standard","2026-08-27T10:25:15+07:00",2021,5,"[",52500
"947748513","Honda Hrv 1.5 RS Turbo 2022",2.95e+08,NA,"45.000-50.000",NA,NA,NA,NA,"Standard","2026-08-27T10:22:58+07:00",2022,4,"Honda",47500
"947688962","Honda BRV E Prestige AT 2017 Pajak Panjang",1.59e+08,NA,"120.000-125.000",NA,NA,NA,NA,"Standard","2026-08-24T14:15:09+07:00",2017,9,"Honda",122500
"947567678","DP 45JT TOYOTA ALPHARD SC PREMIUM SOUND 2015 LOW KM.54RB SUNROOF PILOT",4.48e+08,NA,"50.000-55.000",NA,NA,NA,NA,"Standard","2026-08-19T10:50:24+07:00",2015,11,"DP",52500
"935211933","47 rb km Toyota Vellfire 2.5 G TSS 2021 nik 2020 hitam ungu tua bagus",6.2e+08,NA,"45.000-50.000",NA,NA,NA,NA,"Standard","2026-08-19T11:40:04+07:00",2021,5,"47",47500
"947195392","(KM40000)WULING ALMAZ EXCLUSIVE 7 SEATER 2022 NIK 2021 SUNROOF ISTIMWA",1.4e+08,NA,"30.000-35.000",NA,NA,NA,NA,"Standard","2026-08-30T11:04:11+07:00",2022,4,"(KM40000)WULING",32500
"947562037","CUMA 58JT!! VOLKSWAGEN POLO 1.2 TSI TURBO 2019 A/T",1.65e+08,NA,"40.000-45.000",NA,NA,NA,NA,"Standard","2026-08-19T00:42:15+07:00",2019,7,"CUMA",42500
"947429183","(TDP5jtan) BMW X1 sDrive18i 2021 Panoramic",3.75e+08,NA,"15.000-20.000",NA,NA,NA,NA,"Standard","2026-08-26T11:55:20+07:00",2021,5,"(TDP5jtan)",17500
"941247676","Wuling Air EV Long Range AT Avocado Green 2022 Like New Low KM Record",1.15e+08,NA,"15.000-20.000",NA,NA,NA,NA,"Standard","2026-08-25T02:14:28+07:00",2022,4,"Wuling",17500
"947604894","{RARE} HR-V PRESTIGE 1.8 AT 2015",1.8e+08,NA,"100.000-105.000",NA,NA,NA,NA,"Standard","2026-08-20T17:44:36+07:00",2015,11,"{RARE}",102500
"944493744","Toyota Zenix G Hybrid Nik 2023",3.5e+08,NA,"60.000-65.000",NA,NA,NA,NA,"Standard","2026-08-13T13:07:03+07:00",2023,3,"Toyota",62500
"947065916","[ LOW KM 11RB ] Chery Omoda 5 Z Comfort 230T 1.5 Turbo AT 2023/2024",2.15e+08,NA,"10.000-15.000",NA,NA,NA,NA,"Standard","2026-08-28T11:40:29+07:00",2023,3,"[",12500
"947467691","TOYOTA LAND CRUISER VXR200 2023 / 2024",2.485e+09,NA,"20.000-25.000",NA,NA,NA,NA,"Standard","2026-08-29T15:05:40+07:00",2023,3,"TOYOTA",22500
"947164868","[ LOW KM 4RB ] Mazda 3 Mazda3 Hatchback HB 2.0 Sunroof BOSE 2025/2026",4.75e+08,NA,"0-5.000",NA,NA,NA,NA,"Standard","2026-08-01T16:55:45+07:00",2025,1,"[",2500
"947576422","Mercedees Benz ML400 AMG 2015 white putih bu mercy ML 400 2014/2016",2.6e+08,NA,"65.000-70.000",NA,NA,NA,NA,"Standard","2026-08-19T15:25:47+07:00",2015,11,"Mercedees",67500
"947500138","Suzuki XL7 Alpha Hybrid AT th 2025 #istana jaya motor",2.4e+08,NA,"20.000-25.000",NA,NA,NA,NA,"Standard","2026-08-15T16:29:01+07:00",2025,1,"Suzuki",22500
"947723485","[ BERGARANSI ] Toyota Zenix V Hybrid 2,0 Modelista RSE AT 2024/2025",4.15e+08,NA,"35.000-40.000",NA,NA,NA,NA,"Standard","2026-08-26T01:40:41+07:00",2024,2,"[",37500
"947814758","Daihatsu Gran Max 1.3 Blindvan 2021 Putih AC",1.02e+08,NA,"80.000-85.000",NA,NA,NA,NA,"Standard","2026-08-29T23:54:02+07:00",2021,5,"Daihatsu",82500
"947542231","(Full Options) Bmw i7 2024 granlusso Low km record i 7",1.899e+09,NA,"5.000-10.000",NA,NA,NA,NA,"Standard","2026-08-18T09:28:36+07:00",2024,2,"(Full",7500
"947260380","Lexus LM350 VIP 2+2 4 Seater 2020 LM 350 non 2022 hybrid 7 seat 2021",1.123e+09,NA,"0-5.000",NA,NA,NA,NA,"Standard","2026-08-11T16:54:47+07:00",2020,6,"Lexus",2500
"947514647","( PAJAK PANJANG ) Merc GLC 300 4MATIC AMG Line 2023",1.099e+09,NA,"5.000-10.000",NA,NA,NA,NA,"Standard","2026-08-16T13:45:24+07:00",2023,3,"(",7500
"947170885","BMW E46 318i 2003 Facelift",8.9e+07,NA,"155.000-160.000",NA,NA,NA,NA,"Standard","2026-08-01T23:31:39+07:00",2003,23,"BMW",157500
"947402574","[ BERGARANSI ] Hyundai Ioniq 5 Long Range Signature EV 2023/2024",4.15e+08,NA,"35.000-40.000",NA,NA,NA,NA,"Standard","2026-08-11T17:16:44+07:00",2023,3,"[",37500
"947666408","LOW KM 13RB!! SUZUKI FRONX 1.5 SGX HYBRID MATIC 2025 TWO TONE BIRU",254500000,NA,"10.000-15.000",NA,NA,NA,NA,"Standard","2026-08-23T12:47:51+07:00",2025,1,"LOW",12500
"947284940","[ BERGARANSI ] Hyundai Ioniq 5 EV Signature Standard Range 2023/2024",3.69e+08,NA,"50.000-55.000",NA,NA,NA,NA,"Standard","2026-08-06T14:45:30+07:00",2023,3,"[",52500
"945399547","23 rb km Nissan Livina 1.5 VL at 2020 nik 2019 hitam xpander black ori",1.75e+08,NA,"20.000-25.000",NA,NA,NA,NA,"Standard","2026-08-28T10:45:55+07:00",2020,6,"23",22500
"947306106","[ GARANSI 5TH ] Mitsubishi Pajero Sport Dakar Ultimate 4x2 2023/2024",4.15e+08,NA,"50.000-55.000",NA,NA,NA,NA,"Standard","2026-08-08T03:27:20+07:00",2023,3,"[",52500
"943621672","DP10% [Km19.000] Jeep Wrangler Rubicon 2018 White Reg 2019 #AUTOHIGH",1.45e+09,NA,"5.000-10.000",NA,NA,NA,NA,"Standard","2026-08-06T12:16:51+07:00",2018,8,"DP10%",7500
"947699897","[ GARANSI 5TH ] Honda BR-V BRV BR V N7X Prestige 1.5 AT 2024/2025",2.29e+08,NA,"25.000-30.000",NA,NA,NA,NA,"Standard","2026-08-28T21:38:10+07:00",2024,2,"[",27500
"947691073","TERMURAH BMW 528i 2015 Black on Black",2.65e+08,NA,"70.000-75.000",NA,NA,NA,NA,"Standard","2026-08-24T15:22:42+07:00",2015,11,"TERMURAH",72500
"947713083","Toyota Alphard G 2.5 ATPM 2019",5.69e+08,NA,"65.000-70.000",NA,NA,NA,NA,"Standard","2026-08-25T14:27:00+07:00",2019,7,"Toyota",67500
"946374789","Lexus RX 270 2012 Bensin",2.52e+08,NA,"75.000-80.000",NA,NA,NA,NA,"Standard","2026-08-27T15:04:59+07:00",2012,14,"Lexus",77500
"946750151","DP10% [Km11.000] CLS350 AMG 2023 Black / CLS 350 Reg 2024 #AUTOHIGH",1.265e+09,NA,"5.000-10.000",NA,NA,NA,NA,"Standard","2026-08-14T11:05:53+07:00",2023,3,"DP10%",7500
"944945710","Mercedes Benz Mercy GLA200 GLA 200 AMG Line CKD 2022 Like New Low Km",5.6e+08,NA,"15.000-20.000",NA,NA,NA,NA,"Standard","2026-08-11T23:14:32+07:00",2022,4,"Mercedes",17500
"945238266","DP10% [Km11.000] X5 X-Drive 7Seater 2023 Black Reg 2024 #AUTOHIGH",1.035e+09,NA,"5.000-10.000",NA,NA,NA,NA,"Standard","2026-08-24T00:00:07+07:00",2023,3,"DP10%",7500
"947713738","Wuling Air EV 2022 Listrik",1.18e+08,NA,"45.000-50.000",NA,NA,NA,NA,"Standard","2026-08-25T15:06:01+07:00",2022,4,"Wuling",47500
"947306103","[ GARANSI 5TH ] Mitsubishi Pajero Sport Dakar Ultimate 4x2 2023/2024",4.15e+08,NA,"50.000-55.000",NA,NA,NA,NA,"Standard","2026-08-08T03:25:14+07:00",2023,3,"[",52500
"947369047","[GARANSI 5TH] Hyundai Santafe Santa Fe Signature 2.5 Bensin 2022/2023",3.65e+08,NA,"60.000-65.000",NA,NA,NA,NA,"Standard","2026-08-10T12:08:56+07:00",2022,4,"[GARANSI",62500
"947526901","[ KM 5RB ] Hyundai Ioniq 5N Ioniq5N Ioniq 5 2023/2024",8.75e+08,NA,"5.000-10.000",NA,NA,NA,NA,"Standard","2026-08-30T11:37:37+07:00",2023,3,"[",7500
"947232860","[ KM 700 PERAK ] Mitsubishi Destinator 1.5 Ultimate DS 2025/2026",4.29e+08,NA,"0-5.000",NA,NA,NA,NA,"Standard","2026-08-04T16:51:47+07:00",2025,1,"[",2500
"947402079","[ GARANSI 5TH ] Tesla Mode Y Long Range AWD Dual Motor 2022 2023",8.2e+08,NA,"0-5.000",NA,NA,NA,NA,"Standard","2026-08-11T16:57:11+07:00",2022,4,"[",2500
"947765939","[DP 50JT] TOYOTA VOXY 2.0 AT 2021 HITAM ISTIMEWA TT 2020",2.65e+08,NA,"65.000-70.000",NA,NA,NA,NA,"Standard","2026-08-30T08:55:30+07:00",2021,5,"[DP",67500
"947692680","[ LOW KM ] BMW X1 X 1 sDrive 1.8i XLine F48 Panoramic AT 2019/2020",2.85e+08,NA,"70.000-75.000",NA,NA,NA,NA,"Standard","2026-08-28T21:09:22+07:00",2019,7,"[",72500
"947390186","[ LOW KM 15RB ] Honda Civic RS 1,5 Turbo CVT Sedan Sensing 2023/2024",3.99e+08,NA,"10.000-15.000",NA,NA,NA,NA,"Standard","2026-08-11T10:22:34+07:00",2023,3,"[",12500
"946439801","BMW 735 AT 2024 Black on Cinnamon Brown Low KM Gress",1.859e+09,NA,"10.000-15.000",NA,NA,NA,NA,"Standard","2026-08-11T23:33:54+07:00",2024,2,"BMW",12500
"945246800","DP10% [Km11.000] X5 X-Drive 7Seater 2023 Black Reg 2024 #AUTOHIGH",1.035e+09,NA,"5.000-10.000",NA,NA,NA,NA,"Standard","2026-08-24T00:38:38+07:00",2023,3,"DP10%",7500
"947284269","[ BERGARANSI ] Hyundai Ioniq 5 EV Signature Standard Range 2023/2024",3.69e+08,NA,"50.000-55.000",NA,NA,NA,NA,"Standard","2026-08-06T14:21:14+07:00",2023,3,"[",52500
"947776663","Gran max 1.3 BV blind van AC MT 2022",1.15e+08,NA,"60.000-65.000",NA,NA,NA,NA,"Standard","2026-08-28T14:58:03+07:00",2022,4,"Gran",62500
"947691989","Mercy V250 # (V260) facelift 2024 Nik23 Black Siap Pakai",1.025e+09,NA,"0-5.000",NA,NA,NA,NA,"Standard","2026-08-24T15:58:39+07:00",2024,2,"Mercy",2500
"947716086","[ KM LOW 3RB ] Chery Omoda C5 C 5 RZ Luxury 230T 1.5 Sunroof 2025/2026",2.69e+08,NA,"0-5.000",NA,NA,NA,NA,"Standard","2026-08-25T16:42:52+07:00",2025,1,"[",2500
"947450716","MERCEDES BENZ GLE450 AMG LINE 4 MATIC CBU 2020 LOW ODO 2019 GLE 450",7.95e+08,NA,"20.000-25.000",NA,NA,NA,NA,"Standard","2026-08-13T15:23:01+07:00",2020,6,"MERCEDES",22500
"947282740","[ BERGARANSI ] Mercedes Benz Mercy GLC200 GLC 200 AMG X253 2018/2019",3.49e+08,NA,"90.000-95.000",NA,NA,NA,NA,"Standard","2026-08-06T13:32:02+07:00",2018,8,"[",92500
"947514344","Mitsubishi Xpander Ultimate AT Matic Tahun 2018 Abu , 2017",1.86e+08,NA,"65.000-70.000",NA,NA,NA,NA,"Standard","2026-08-25T19:22:07+07:00",2018,8,"Mitsubishi",67500
"947841489","Mercedes Benz E300 AMG 2017 low km e 300 merci",4.75e+08,NA,"25.000-30.000",NA,NA,NA,NA,"Standard","2026-08-31T13:19:26+07:00",2017,9,"Mercedes",27500
"947841472","Mitsubishi Pajero Sport 2023 Diesel",4.35e+08,NA,"85.000-90.000",NA,NA,NA,NA,"Standard","2026-08-31T13:18:35+07:00",2023,3,"Mitsubishi",87500
"947482557","Toyota vellfire g atpm 2019 hitam pajak panjang sunroof pilotseat",4.8e+08,NA,"110.000-115.000",NA,NA,NA,NA,"Standard","2026-08-14T20:49:55+07:00",2019,7,"Toyota",112500
"946371330","(Km Low 20ribuan Full Ori) MAZDA CX 5 ELITE 2.5 AT 2022",3.65e+08,NA,"20.000-25.000",NA,NA,NA,NA,"Standard","2026-08-29T14:18:03+07:00",2022,4,"(Km",22500
"947583059","Honda crv turbo prestige black edition 2023 hitam sunroof",4.39e+08,NA,"55.000-60.000",NA,NA,NA,NA,"Standard","2026-08-19T20:09:32+07:00",2023,3,"Honda",57500
"947638320","KM LOW !! HONDA CRV PRESTIGE SENSING 2021",3.6e+08,NA,"25.000-30.000",NA,NA,NA,NA,"Standard","2026-08-23T10:23:41+07:00",2021,5,"KM",27500
"947280629","[ BERGARANSI ] Hyundai Ioniq 5 EV Signature Standard Range 2023 2024",3.69e+08,NA,"50.000-55.000",NA,NA,NA,NA,"Standard","2026-08-06T12:13:30+07:00",2023,3,"[",52500
"947685887","Mercy s450 President 2025 Nik24 Black on cinnamon Siap pakai",1.999e+09,NA,"0-5.000",NA,NA,NA,NA,"Standard","2026-08-24T12:22:21+07:00",2025,1,"Mercy",2500
"947641186","Km48rb chery tiggo 7 pro premium turbo 2022 pakai 2023 putih",2.19e+08,NA,"45.000-50.000",NA,NA,NA,NA,"Standard","2026-08-22T10:46:40+07:00",2022,4,"Km48rb",47500
"946942171","Camry V hybrid matic 2021",3.75e+08,NA,"85.000-90.000",NA,NA,NA,NA,"Standard","2026-08-25T09:49:19+07:00",2021,5,"Camry",87500
"947593869","Hyundai Kona 2024 Signature Long Range",3.45e+08,NA,"25.000-30.000",NA,NA,NA,NA,"Standard","2026-08-20T11:33:24+07:00",2024,2,"Hyundai",27500
"947285155","[ GARANSI 5TH ] Honda CRV CR-V CR V Turbo Prestige Sensing 2021/2022",3.85e+08,NA,"35.000-40.000",NA,NA,NA,NA,"Standard","2026-08-06T14:52:35+07:00",2021,5,"[",37500
"947716035","[ KM LOW 3RB ] Chery Omoda C5 C 5 RZ Luxury 230T 1.5 Sunroof 2025 2026",2.69e+08,NA,"0-5.000",NA,NA,NA,NA,"Standard","2026-08-25T16:40:03+07:00",2025,1,"[",2500
"947389514","Km 8 rb toyota granace turbo diesel 2023 putih 8 seater pajak panjang",1.25e+09,NA,"5.000-10.000",NA,NA,NA,NA,"Standard","2026-08-11T09:59:17+07:00",2023,3,"Km",7500
"947763293","[ GARANSI 5TH ] Toyota Voxy 2.0 CVT Facelift TSS Camera360 2023/2024",3.65e+08,NA,"50.000-55.000",NA,NA,NA,NA,"Standard","2026-08-27T17:40:57+07:00",2023,3,"[",52500
"947157025","[ GARANSI 5TH ] Toyota Alphard 2.5 G ATPM TSS Pilot Seat 2022/2023",6.47e+08,NA,"75.000-80.000",NA,NA,NA,NA,"Standard","2026-08-01T11:46:06+07:00",2022,4,"[",77500
"947401778","[ AWD - KM 700 ] Tesla Model Y Long Range Dual Motor 2022/2023",8.2e+08,NA,"0-5.000",NA,NA,NA,NA,"Standard","2026-08-13T16:36:14+07:00",2022,4,"[",2500
"947802473","[ GARANSI 5TH ] Nissan Magnite Premium 1.0 Turbo Two Tone 2021 2022",1.55e+08,NA,"50.000-55.000",NA,NA,NA,NA,"Standard","2026-08-29T12:49:07+07:00",2021,5,"[",52500
"946565113","DP10% [Km9.000] CRV RS Hybrid 2024 White / CR-V Reg 2025 #AUTOHIGH",6.5e+08,NA,"0-5.000",NA,NA,NA,NA,"Standard","2026-08-23T00:09:04+07:00",2024,2,"DP10%",2500
"947806294","[ GARANSI 5TH ] Honda CRV CR-V CR V 1.5 Turbo Prestige 2020/2021",3.19e+08,NA,"55.000-60.000",NA,NA,NA,NA,"Standard","2026-08-29T15:11:24+07:00",2020,6,"[",57500
"947220284","[ GARANSI 5TH ] Mazda CX5 CX 5 CX-5 2.5 Kuro Edition Sunroof 2023/2024",3.99e+08,NA,"35.000-40.000",NA,NA,NA,NA,"Standard","2026-08-04T10:02:57+07:00",2023,3,"[",37500
"945873552","Km 64rb Honda BRV 1.5 E CVT Th 2020 Facelift Grey Kondisi Terawat!!",1.82e+08,NA,"60.000-65.000",NA,NA,NA,NA,"Standard","2026-08-08T06:25:44+07:00",2020,6,"Km",62500
"947714377","WULING CORTEZ EX 1.5 A/T 2022",1.39e+08,NA,"45.000-50.000",NA,NA,NA,NA,"Standard","2026-08-25T15:25:04+07:00",2022,4,"WULING",47500
"947738679","[ LOW KM 7RB ] Suzuki XL7 XL 7 Alpha Hybrid Dual Tone AT 2024/2025",2.35e+08,NA,"5.000-10.000",NA,NA,NA,NA,"Standard","2026-08-26T16:40:42+07:00",2024,2,"[",7500
"947597359","[Termurah] Nissan Serena HWS 2017 at 2018 matic 2019 voxy freed",1.35e+08,NA,"80.000-85.000",NA,NA,NA,NA,"Standard","2026-08-20T13:34:52+07:00",2017,9,"[Termurah]",82500
"947728185","[Pajak Panjang] Hyundai Palisade 2.2 Signature AT 2022",5.1e+08,NA,"40.000-45.000",NA,NA,NA,NA,"Standard","2026-08-26T10:15:50+07:00",2022,4,"[Pajak",42500
"946930301","Kilometer 49Rb Asli Honda HRV Prestige thn 2016 Pajak Panjang",1.92e+08,NA,"45.000-50.000",NA,NA,NA,NA,"Standard","2026-08-22T14:11:21+07:00",2016,10,"Kilometer",47500
"947569372","[BERGARANSI] Mercedes Benz Mercy E200 E 200 Avantgarde W213 2023/2024",7.1e+08,NA,"30.000-35.000",NA,NA,NA,NA,"Standard","2026-08-19T11:30:41+07:00",2023,3,"[BERGARANSI]",32500
"946795957","DP10% [Km30.000] E350 AMG EQ Boost 2019 Black Reg 2020 #AUTOHIGH",6.1e+08,NA,"20.000-25.000",NA,NA,NA,NA,"Standard","2026-08-16T10:58:40+07:00",2019,7,"DP10%",22500
"947500907","BYD Seal Performance 3.8s AWD Fullspec Arctic Blue 2024 Like New",4.79e+08,NA,"15.000-20.000",NA,NA,NA,NA,"Standard","2026-08-15T17:02:26+07:00",2024,2,"BYD",17500
"947780351","KM 17 RB !! DP 20jt STARGAZER PRIME FACELIFT REM ELEKTRIK 2023 !!",1.82e+08,NA,"15.000-20.000",NA,NA,NA,NA,"Standard","2026-08-28T14:00:11+07:00",2023,3,"KM",17500
"947768418","Honda Jazz RS AT 2019 KM 63 Ribu TDP 18 Juta",2.05e+08,NA,"60.000-65.000",NA,NA,NA,NA,"Standard","2026-08-27T22:29:19+07:00",2019,7,"Honda",62500
"945485091","Mercedes Benz GLE450 GLE 450 AMG 2024 Hitam Km13rb Nik 2023 B112RSM",1.495e+09,NA,"10.000-15.000",NA,NA,NA,NA,"Standard","2026-08-24T16:42:19+07:00",2024,2,"Mercedes",12500
"947442893","Mazda CX7 GT 2.3 Sunroof 2010 Automatic Putih Metalik",1.09e+08,NA,"105.000-110.000",NA,NA,NA,NA,"Standard","2026-08-13T11:13:17+07:00",2010,16,"Mazda",107500
"947549731","KM15RB Ford Ranger Raptor 2.0L Turbo Diesel Gray Double Cabin 2024",9.65e+08,NA,"10.000-15.000",NA,NA,NA,NA,"Standard","2026-08-18T13:57:04+07:00",2024,2,"KM15RB",12500
"947570194","[BERGARANSI] Mercedes Benz Mercy E200 E 200 Avantgarde W213 2021/2022",5.65e+08,NA,"40.000-45.000",NA,NA,NA,NA,"Standard","2026-08-19T11:54:41+07:00",2021,5,"[BERGARANSI]",42500
"947513338","Mitsubishi Xpander Exceed AT th 2024 #istana jaya motor",2.2e+08,NA,"20.000-25.000",NA,NA,NA,NA,"Standard","2026-08-16T12:35:10+07:00",2024,2,"Mitsubishi",22500
"947171943","[ GARANSI 5TH ] Mitsubishi Pajero Dakar Ultimate 4x2 Diesel 2023/2024",4.2e+08,NA,"45.000-50.000",NA,NA,NA,NA,"Standard","2026-08-02T03:01:02+07:00",2023,3,"[",47500
"940418197","Voxy 2020 Hitam Tangan Pertama",2.5e+08,NA,"95.000-100.000",NA,NA,NA,NA,"Standard","2026-08-11T06:33:24+07:00",2020,6,"Voxy",97500
"939861571","TOYOTA ALPHARD G ATPM AT 2022 FACELIFT BLACK ON BEIGE RECORD TOP COND",6.29e+08,NA,"55.000-60.000",NA,NA,NA,NA,"Standard","2026-08-21T12:55:31+07:00",2022,4,"TOYOTA",57500
"947769364","DP10% [Km6.000] Voxy 2025 Black Reg 2026 #AUTOHIGH",4.95e+08,NA,"0-5.000",NA,NA,NA,NA,"Standard","2026-08-27T23:29:06+07:00",2025,1,"DP10%",2500
"947157257","[ GARANSI 5TH ] Hyundai Palisade Signature 2.2 Panoramic AT 2023/2024",6.62e+08,NA,"30.000-35.000",NA,NA,NA,NA,"Standard","2026-08-07T21:56:15+07:00",2023,3,"[",32500
"945203234","NIK 2024 Hyundai Santa Fe Calligraphy FE Black Matte on Black Interior",7.75e+08,NA,"15.000-20.000",NA,NA,NA,NA,"Standard","2026-08-26T10:37:34+07:00",2024,2,"NIK",17500
"947445675","[ GARANSI 5TH ] Toyota Camry 2,5 V Sunroof AT 2023/2024",3.99e+08,NA,"45.000-50.000",NA,NA,NA,NA,"Standard","2026-08-13T12:47:10+07:00",2023,3,"[",47500
"947601520","PAJERO SPORT SUNROOF 2021 SETAHUN CUMAJALAN 20.000 km",4.49e+08,NA,"95.000-100.000",NA,NA,NA,NA,"Standard","2026-08-24T19:03:49+07:00",2021,5,"PAJERO",97500
"947708597","[4x4 - LOW KM 16RB] Toyota Land Cruiser LC 300 GR Sport TSS 2023/2024",1.99e+09,NA,"15.000-20.000",NA,NA,NA,NA,"Standard","2026-08-25T11:40:51+07:00",2023,3,"[4x4",17500
"947835252","Ford Everest Titanium 2024 4x4 low km record",7.75e+08,NA,"15.000-20.000",NA,NA,NA,NA,"Standard","2026-08-31T09:17:15+07:00",2024,2,"Ford",17500
"947425417","HONDA BRV PRESTIGE SENSING 1.5 AT 2023 SUPER ISTIMEWA !!",2.05e+08,NA,"65.000-70.000",NA,NA,NA,NA,"Standard","2026-08-25T18:43:54+07:00",2023,3,"HONDA",67500
"947164357","[ 4x4 ] Toyota Fortuner 2.8 VRZ GR Sport Diesel Facelift 2024/2025",5.6e+08,NA,"40.000-45.000",NA,NA,NA,NA,"Standard","2026-08-01T16:38:42+07:00",2024,2,"[",42500
"947483841","DP10% [Km10.000] GLC300 AMG 2023 Black / GLC 300 Reg 2024 #AUTOHIGH",1.115e+09,NA,"0-5.000",NA,NA,NA,NA,"Standard","2026-08-14T22:13:51+07:00",2023,3,"DP10%",2500
"947734050","Toyota Voxy 2019 Bensin Jual Cepat",3e+08,NA,"85.000-90.000",NA,NA,NA,NA,"Standard","2026-08-31T06:27:32+07:00",2019,7,"Toyota",87500
"947688368","[ LOW KM 26RB ] Honda WR-V WRV WR V 1.5 RS CVT Sensing AT 2023/2024",2.2e+08,NA,"25.000-30.000",NA,NA,NA,NA,"Standard","2026-08-28T21:13:43+07:00",2023,3,"[",27500
"947802719","[LOW KM 13RB] Toyota Raize 1.0 Turbo S GR Non TSS Dual Tone 2024 2025",2.05e+08,NA,"10.000-15.000",NA,NA,NA,NA,"Standard","2026-08-29T12:59:29+07:00",2024,2,"[LOW",12500
"947769784","ZENIX V Modellista 2023 Km17rb Hitam",3.58e+08,NA,"15.000-20.000",NA,NA,NA,NA,"Standard","2026-08-28T00:09:16+07:00",2023,3,"ZENIX",17500
"947804670","[ BERGARANSI ] Toyota Innova Zenix Q Hybrid 2.0 Modelista 2023/2024",4.39e+08,NA,"55.000-60.000",NA,NA,NA,NA,"Standard","2026-08-29T14:09:08+07:00",2023,3,"[",57500
"945292848","Innova Zenix G Hybrid 2024 DP 30Jt",3.5e+08,NA,"15.000-20.000",NA,NA,NA,NA,"Standard","2026-08-30T20:26:16+07:00",2024,2,"Innova",17500
"946924579","BYD Seal Performance 3.8s AWD Fullspec AT NIK 2024 Very Low KM",4.89e+08,NA,"5.000-10.000",NA,NA,NA,NA,"Standard","2026-08-22T11:44:55+07:00",2024,2,"BYD",7500
"947564771","Km 4 rb mercedes benz mercy c300 amg line 2023 hitam",8.1e+08,NA,"0-5.000",NA,NA,NA,NA,"Standard","2026-08-19T09:05:59+07:00",2023,3,"Km",2500
"947718207","BMW X1 Executive Tahun 2011 Automatic Coklat Metalik",1.39e+08,NA,"125.000-130.000",NA,NA,NA,NA,"Standard","2026-08-25T18:36:34+07:00",2011,15,"BMW",127500
"947237043","KM 9 ribu Mazda 3 Hatchback 2025",4.75e+08,NA,"5.000-10.000",NA,NA,NA,NA,"Standard","2026-08-20T22:50:37+07:00",2025,1,"KM",7500
"947686508","[ GARANSI 5TH ] Hyundai Creta 1.5 Trend MyOwn Panoramic AT 2022 2023",2.25e+08,NA,"40.000-45.000",NA,NA,NA,NA,"Standard","2026-08-26T10:04:42+07:00",2022,4,"[",42500
"947702058","[ LOW KM 27RB ] Hyundai Ioniq 5 Long Range Signature EV 2022/2023",3.99e+08,NA,"25.000-30.000",NA,NA,NA,NA,"Standard","2026-08-26T10:47:20+07:00",2022,4,"[",27500
"944160404","[ KM 10 RB ] TOYOTA Land Cruiser 300 GR Sport 2023",2.2e+09,NA,"5.000-10.000",NA,NA,NA,NA,"Standard","2026-08-12T10:20:41+07:00",2023,3,"[",7500
"947510279","Km 37rb hyundai h1 royale diesel 2018 hitam",2.95e+08,NA,"35.000-40.000",NA,NA,NA,NA,"Standard","2026-08-16T10:17:48+07:00",2018,8,"Km",37500
"947252713","Raize Turbo GR TSS AT 21 TDP30 Toyota Raise 1.0 GR SPORT Matic 2021",1.84e+08,NA,"45.000-50.000",NA,NA,NA,NA,"Standard","2026-08-31T09:37:28+07:00",2021,5,"Raize",47500
"947710363","[ 4x4 - KM LOW 7RB ] Lexus LX 600 LX600 7 Seater F Sport AT 2023/2024",2.795e+09,NA,"5.000-10.000",NA,NA,NA,NA,"Standard","2026-08-28T20:13:55+07:00",2023,3,"[",7500
"947731117","[ LOW KM 2RB ] Mitsubishi Destinator 1.5 Ultimate Premium DS 2025/2026",4.29e+08,NA,"0-5.000",NA,NA,NA,NA,"Standard","2026-08-26T11:44:04+07:00",2025,1,"[",2500
"947788634","BMW 520i F10 2015",2.35e+08,NA,"40.000-45.000",NA,NA,NA,NA,"Standard","2026-08-28T19:36:22+07:00",2015,11,"BMW",42500
"947670932","(TDP2jtan) BYD M6 Superior 2025",3.21e+08,NA,"10.000-15.000",NA,NA,NA,NA,"Standard","2026-08-23T16:21:07+07:00",2025,1,"(TDP2jtan)",12500
"947738950","Mercedes Benz C200 2025 Hitam Mercy Km3rb Nik 2024 B22RLE",7.45e+08,NA,"0-5.000",NA,NA,NA,NA,"Standard","2026-08-26T16:53:01+07:00",2025,1,"Mercedes",2500
"947807904","Tangan pertama Toyota Kijang Innova 2.0 G at 2021 Silver Metalik",2.55e+08,NA,"105.000-110.000",NA,NA,NA,NA,"Standard","2026-08-29T16:21:03+07:00",2021,5,"Tangan",107500
"947065789","[ LOW KM 22RB ] Mercedes Benz Mercy GLA200 GLA 200 AMG H247 2023/2024",5.65e+08,NA,"20.000-25.000",NA,NA,NA,NA,"Standard","2026-08-28T11:31:40+07:00",2023,3,"[",22500
"945504816","Mitsubishi Outlander PX 2.0 AT Reborn 2015 putih metalik",1.59e+08,NA,"70.000-75.000",NA,NA,NA,NA,"Standard","2026-08-23T09:15:04+07:00",2015,11,"Mitsubishi",72500
"947610828","HYUNDAI IONIQ 5 SIGNATURE LONG RANGE 2023 KM 27.000",4.35e+08,NA,"20.000-25.000",NA,NA,NA,NA,"Standard","2026-08-20T23:53:22+07:00",2023,3,"HYUNDAI",22500
"947429009","[ 4x4 ] BAIC BJ40 BJ 40 Plus 2.0 Turbo AWD 2024 2025",4.65e+08,NA,"10.000-15.000",NA,NA,NA,NA,"Standard","2026-08-12T17:12:03+07:00",2024,2,"[",12500
"947804127","SUZUKI JIMNY 5 DOOR 2024 KM 15K",3.99e+08,NA,"10.000-15.000",NA,NA,NA,NA,"Standard","2026-08-29T13:49:49+07:00",2024,2,"SUZUKI",12500
"947400613","[ GARANSI 5TH ] Hyundai Palisade Signature 2.2 Panoramic AT 2023/2024",6.6e+08,NA,"30.000-35.000",NA,NA,NA,NA,"Standard","2026-08-12T15:27:39+07:00",2023,3,"[",32500
"947402214","Alphard G ATPM 2020",6.55e+08,NA,"55.000-60.000",NA,NA,NA,NA,"Standard","2026-08-11T17:01:02+07:00",2020,6,"Alphard",57500
"947229586","[ GARANSI 5TH ] Hyundai Palisade Signature 2.2 Panoramic AT 2023/2024",6.5e+08,NA,"45.000-50.000",NA,NA,NA,NA,"Standard","2026-08-04T14:56:09+07:00",2023,3,"[",47500
"947438204","(Low km!) Kia Seltos 1.4 EX plus 2021",1.99e+08,NA,"40.000-45.000",NA,NA,NA,NA,"Standard","2026-08-13T08:15:17+07:00",2021,5,"(Low",42500
"947423714","[ GARANSI 5TH ] Toyota Alphard 2.5 G AT Pilot Seat 2018 2019",5.4e+08,NA,"50.000-55.000",NA,NA,NA,NA,"Standard","2026-08-12T14:14:13+07:00",2018,8,"[",52500
"946795881","DP10% [Km30.000] E350 AMG EQ Boost 2019 Black Reg 2020 #AUTOHIGH",6.1e+08,NA,"20.000-25.000",NA,NA,NA,NA,"Standard","2026-08-16T10:59:07+07:00",2019,7,"DP10%",22500
"947723484","[ BERGARANSI ] Toyota Zenix V Hybrid 2,0 Modelista RSE AT 2024/2025",4.15e+08,NA,"35.000-40.000",NA,NA,NA,NA,"Standard","2026-08-26T01:40:38+07:00",2024,2,"[",37500
"947733001","[ LOW KM 18RB ] Volkswagen VW T-Cross T Cross 1.0 Sunroof 2024/2025",2.45e+08,NA,"15.000-20.000",NA,NA,NA,NA,"Standard","2026-08-26T13:00:59+07:00",2024,2,"[",17500
"947550407","Km 5rb hyundai ioniq n high performance ev awd 4x4 2024 blue matte",9.3e+08,NA,"0-5.000",NA,NA,NA,NA,"Standard","2026-08-18T14:20:21+07:00",2024,2,"Km",2500
"947761714","Honda BR-V 2022 Bensin",199500000,NA,"65.000-70.000",NA,NA,NA,NA,"Standard","2026-08-31T05:37:59+07:00",2022,4,"Honda",67500
"947229887","LOW KM.34RB PAJAK PANJANG HYUNDAI STARIA SIGNATURE 7 SEAT 2021",4.35e+08,NA,"30.000-35.000",NA,NA,NA,NA,"Standard","2026-08-04T15:07:12+07:00",2021,5,"LOW",32500
"947336709","Mini Cooper S Clubman Final Edition 1 of 1969 World Wide NIK 2024",1.175e+09,NA,"5.000-10.000",NA,NA,NA,NA,"Standard","2026-08-08T17:32:59+07:00",1969,57,"Mini",7500
"947634320","BMW X3 G01 LCI MSport B48 50 Jahre 2023 Biru Rare Langka DP Ringan",8.39e+08,NA,"20.000-25.000",NA,NA,NA,NA,"Standard","2026-08-21T22:42:50+07:00",2023,3,"BMW",22500
"947465290","(KM12000)CHERY OMODA 5 RZ LUXURY 2024 NIK 2023 SUNROOF KM RENDAH!!",1.93e+08,NA,"10.000-15.000",NA,NA,NA,NA,"Standard","2026-08-30T10:36:44+07:00",2024,2,"(KM12000)CHERY",12500
"947533559","[KM 13 RB] Lexus RX300 F-Sport 2020 RX 300 FSport 2021 mdl Luxury 2022",7.52e+08,NA,"5.000-10.000",NA,NA,NA,NA,"Standard","2026-08-27T17:53:07+07:00",2020,6,"[KM",7500
"947598536","Honda City RS Hatchback Matic 2021 putih genap",1.98e+08,NA,"45.000-50.000",NA,NA,NA,NA,"Standard","2026-08-20T14:06:32+07:00",2021,5,"Honda",47500
"945440317","JAZZ S MDL RS MATIC 2018 BULAN 4 TGN1 KM50RB ANTIK FULL ORISINIL MULUS",1.7e+08,NA,"45.000-50.000",NA,NA,NA,NA,"Standard","2026-08-25T15:43:04+07:00",2018,8,"JAZZ",47500
"947774509","[ GARANSI 5TH ] Hyundai Staria 2.2L 2WD Signature 7 Seater 2022/2023",4.25e+08,NA,"65.000-70.000",NA,NA,NA,NA,"Standard","2026-08-28T10:24:09+07:00",2022,4,"[",67500
"947817900","Toyota kijang innova zenix q hybrid modelista tss 2023 silver",4.39e+08,NA,"55.000-60.000",NA,NA,NA,NA,"Standard","2026-08-30T09:40:40+07:00",2023,3,"Toyota",57500
"947755194","[LOW KM] HONDA CRV 2.4 AT 2012 PUTIH",1.25e+08,NA,"110.000-115.000",NA,NA,NA,NA,"Standard","2026-08-27T12:46:40+07:00",2012,14,"[LOW",112500
"946121985","2018 Toyota Alphard G AT KM 61000",6.15e+08,NA,"60.000-65.000",NA,NA,NA,NA,"Standard","2026-08-28T07:24:41+07:00",2018,8,"2018",62500
"947687742","[ KM LOW ] Peugeot 5008 Allure AT Hitam 2020 2021",2.85e+08,NA,"65.000-70.000",NA,NA,NA,NA,"Standard","2026-08-26T11:28:51+07:00",2020,6,"[",67500
"945628610","DP10% [Km11.000] Mini Cooper Countryman JCW 2020 Reg 2021 #AUTOHIGH",5.35e+08,NA,"5.000-10.000",NA,NA,NA,NA,"Standard","2026-08-28T10:31:26+07:00",2020,6,"DP10%",7500
"947628221","(KM40000)MAZDA 2 R AT SKYACTIVE 2016 NIK 2015 ISTIMEWA KM RENDAH!!",1.2e+08,NA,"40.000-45.000",NA,NA,NA,NA,"Standard","2026-08-31T09:54:02+07:00",2016,10,"(KM40000)MAZDA",42500
"947582031","Honda crv turbo prestige sensing blackedition 2023 hitam",4.39e+08,NA,"55.000-60.000",NA,NA,NA,NA,"Standard","2026-08-19T19:35:15+07:00",2023,3,"Honda",57500
"947517076","Km 48rb mercedes benz mercy c180 avantgarde line 2019 hitam",3.4e+08,NA,"45.000-50.000",NA,NA,NA,NA,"Standard","2026-08-16T16:03:23+07:00",2019,7,"Km",47500
"947200769","[ LOW KM 11RB ] Mercedes Benz Mercy S500 S 500 AMG W223 2023/2024",1.73e+09,NA,"10.000-15.000",NA,NA,NA,NA,"Standard","2026-08-19T16:54:11+07:00",2023,3,"[",12500
"947244710","[ 4x4 - KM 3RB ] BAIC BJ40 BJ 40 Plus 2.0 Turbo AT 2025/2026",5.2e+08,NA,"0-5.000",NA,NA,NA,NA,"Standard","2026-08-12T10:51:40+07:00",2025,1,"[",2500
"947284730","[ BERGARANSI ] Mercedes Benz Mercy GLC200 GLC 200 AMG X253 2018/2019",3.49e+08,NA,"90.000-95.000",NA,NA,NA,NA,"Standard","2026-08-06T14:37:33+07:00",2018,8,"[",92500
"947527001","Chevrolet Spark 2017 Bensin",9.8e+07,NA,"35.000-40.000",NA,NA,NA,NA,"Standard","2026-08-25T12:21:35+07:00",2017,9,"Chevrolet",37500
"947197006","Odo 34rb 7Seater X5 2022/2023 G05 Xdrive40i BMW Putih",8.39e+08,NA,"30.000-35.000",NA,NA,NA,NA,"Standard","2026-08-29T15:20:41+07:00",2022,4,"Odo",32500
"947750482","Toyota Voxy 2.0 CVT 2023 Putih Metalic Low KM",4.25e+08,NA,"20.000-25.000",NA,NA,NA,NA,"Standard","2026-08-31T10:09:34+07:00",2023,3,"Toyota",22500
"947732956","Toyota Land Cruiser 2024 GR-S Istimewa Body ASLI KM RENDAH",2.395e+09,NA,"10.000-15.000",NA,NA,NA,NA,"Standard","2026-08-28T23:49:58+07:00",2024,2,"Toyota",12500
"947726601","[ Low KM termurah ] Land Cruiser VX200 V8 Sahara convert facelift 2019",9.45e+08,NA,"65.000-70.000",NA,NA,NA,NA,"Standard","2026-08-26T09:16:41+07:00",2019,7,"[",67500
"947757137","TOYOTA ALPHARD SC AT 2010 PREMIUM SOUND15541",1.55e+08,NA,"110.000-115.000",NA,NA,NA,NA,"Standard","2026-08-27T14:00:27+07:00",2010,16,"TOYOTA",112500
"947672579","KM23RB Lexus RX300 F-Sport NIK 2019 White On Red",6.95e+08,NA,"20.000-25.000",NA,NA,NA,NA,"Standard","2026-08-23T17:54:34+07:00",2019,7,"KM23RB",22500
"947595471","Chery Omoda 5 Luxury AT Thn 2023",229500000,NA,"30.000-35.000",NA,NA,NA,NA,"Standard","2026-08-20T12:27:52+07:00",2023,3,"Chery",32500
"947302945","[ AWD - LOW KM ] BYD Sealion 7 Performance 4.5s AT Grey 2025/2026",6.37e+08,NA,"10.000-15.000",NA,NA,NA,NA,"Standard","2026-08-07T11:28:55+07:00",2025,1,"[",12500
"947772490","HYUNDAI Creta Prime 2022",2.25e+08,NA,"35.000-40.000",NA,NA,NA,NA,"Standard","2026-08-28T08:51:49+07:00",2022,4,"HYUNDAI",37500
"945815941","[CASH] Toyota Alphard G Atpm 2022 Pribadi Murah Dan Bergaransi",7.25e+08,NA,"60.000-65.000",NA,NA,NA,NA,"Standard","2026-08-24T06:44:16+07:00",2022,4,"[CASH]",62500
"945673299","[SUPER CONDITION] Mitsubishi Pajero Sport 2.4 Dakar 4x4 Ultimate 2022",5.2e+08,NA,"35.000-40.000",NA,NA,NA,NA,"Standard","2026-08-29T00:27:18+07:00",2022,4,"[SUPER",37500
"947362479","Daihatsu Terios 2013 TS extra MT, Pajak panjang, Rawatan Bengkel Resmi",1.09e+08,NA,"210.000-215.000",NA,NA,NA,NA,"Standard","2026-08-28T16:20:42+07:00",2013,13,"Daihatsu",212500
"947327535","LOW KM.54RB MERCEDES BENZ GLE 400 AMG COUPE 2016 PANORAMIC METIK",5.95e+08,NA,"50.000-55.000",NA,NA,NA,NA,"Standard","2026-08-08T11:37:53+07:00",2016,10,"LOW",52500
"947456420","Dijual mercedes e200 2024 akhir",1.1e+09,NA,"15.000-20.000",NA,NA,NA,NA,"Standard","2026-08-16T15:11:10+07:00",2024,2,"Dijual",17500
"947712773","[ VIP 2+2 - 4x4 ] Lexus LX 600 LX600 4 Seat AT Hitam 2023/2024",2.445e+09,NA,"40.000-45.000",NA,NA,NA,NA,"Standard","2026-08-28T16:49:46+07:00",2023,3,"[",42500
"947730095","LOWKM 25rb FULLSET HYUNDAI STARGAZER X PRIME CAPT SEAT 2023 PUTIH",2.3e+08,NA,"20.000-25.000",NA,NA,NA,NA,"Standard","2026-08-26T11:15:27+07:00",2023,3,"LOWKM",22500
"943621596","DP10% [Km19.000] Jeep Wrangler Rubicon 2018 White Reg 2019 #AUTOHIGH",1.45e+09,NA,"5.000-10.000",NA,NA,NA,NA,"Standard","2026-08-06T12:17:53+07:00",2018,8,"DP10%",7500
"947503906","Honda Mobilio 1.5 RS AT 2018 Silver Abu Metalik",1.49e+08,NA,"75.000-80.000",NA,NA,NA,NA,"Standard","2026-08-15T20:12:06+07:00",2018,8,"Honda",77500
"947331642","KM Low Honda CRV Prestige 2020 Istimewa #BJM1#",3.25e+08,NA,"60.000-65.000",NA,NA,NA,NA,"Standard","2026-08-27T02:41:12+07:00",2020,6,"KM",62500
"947161879","[ GARANSI 5TH ] Hyundai Palisade Signature 2.2 Panoramic AT 2023/2024",6.62e+08,NA,"30.000-35.000",NA,NA,NA,NA,"Standard","2026-08-01T14:50:45+07:00",2023,3,"[",32500
"946723293","BU CASH! HYUNDAI IONIQ 5 SIGNATURE LR 2023 SUPER LOW KM ISTIMEWA SKL!!",4.5e+08,NA,"35.000-40.000",NA,NA,NA,NA,"Standard","2026-08-28T20:50:57+07:00",2023,3,"BU",37500
"947528779","[ GARANSI 5TH ] Toyota Alphard 2.5 G CVT Pilot Seat AT 2024/2025",1.08e+09,NA,"20.000-25.000",NA,NA,NA,NA,"Standard","2026-08-17T13:32:06+07:00",2024,2,"[",22500
"947442519","KM 39rb Raize 1.0 GR Turbo 2022 Sport Toyota Non tss two tone silver",1.92e+08,NA,"35.000-40.000",NA,NA,NA,NA,"Standard","2026-08-23T10:57:29+07:00",2022,4,"KM",37500
"947622419","MOBIL NYAMAN & IRIT! HYUNDAI SANTAFE CALIGRAPHY HYBRID 2025",6.45e+08,NA,"20.000-25.000",NA,NA,NA,NA,"Standard","2026-08-21T13:58:36+07:00",2025,1,"MOBIL",22500
"947639125","Km 17rb nissan magnite premium turbo cvt two tone 2024 pki 2025 merah",1.85e+08,NA,"15.000-20.000",NA,NA,NA,NA,"Standard","2026-08-22T09:33:23+07:00",2024,2,"Km",17500
"947286711","[ GARANSI 5TH ] Mitsubishi Xpander Ultimate 1.5 AT 2022/2023",2.35e+08,NA,"30.000-35.000",NA,NA,NA,NA,"Standard","2026-08-06T15:38:57+07:00",2022,4,"[",32500
"947811499","Lexus RX300 F-Sport 2018 72rb KM Record ATPM no minus body full ori",5.65e+08,NA,"65.000-70.000",NA,NA,NA,NA,"Standard","2026-08-29T20:05:23+07:00",2018,8,"Lexus",67500
"947400310","[ GARANSI 5TH ] Hyundai Palisade Signature 2.2 Panoramic AT 2023 2024",6.65e+08,NA,"25.000-30.000",NA,NA,NA,NA,"Standard","2026-08-11T15:50:46+07:00",2023,3,"[",27500
"947686734","[ 2TV RSE ] Toyota Innova Zenix Q Hybrid Modelista TSS AT 2024 2025",4.4e+08,NA,"40.000-45.000",NA,NA,NA,NA,"Standard","2026-08-26T10:45:01+07:00",2024,2,"[",42500
"947248718","[GARANSI 5TH] Kia Grand Carnival Premiere 2.2 Diesel 7 Seat 2024 2025",6.5e+08,NA,"30.000-35.000",NA,NA,NA,NA,"Standard","2026-08-05T11:42:44+07:00",2024,2,"[GARANSI",32500
"947319105","Mitsubishi XForce X Force Ultimate DS Diamond Sense 1.5 Dual Tone 2025",2.99e+08,NA,"5.000-10.000",NA,NA,NA,NA,"Standard","2026-08-07T23:54:40+07:00",2025,1,"Mitsubishi",7500
"947600721","Mercedes Benz E300 AMG NIK 2022 Mercy E350 2023 E 300 E200",7.8e+08,NA,"5.000-10.000",NA,NA,NA,NA,"Standard","2026-08-20T15:19:51+07:00",2022,4,"Mercedes",7500
"947416416","Toyota Harrier 2.0 Z Premium TSS Facelift CBU 2022 NIK 2021 Like New",6.88e+08,NA,"20.000-25.000",NA,NA,NA,NA,"Standard","2026-08-12T10:44:14+07:00",2022,4,"Toyota",22500
"947644709","Honda CRV 1.5 Turbo Prestige AT Sunroof 2019/2020 FULL RECORD! | CX5",2.9e+08,NA,"115.000-120.000",NA,NA,NA,NA,"Standard","2026-08-24T13:04:44+07:00",2019,7,"Honda",117500
"947704117","Like New BYD Atto 1 AT Matic 2026 Super Mulus Istimewa",2.17e+08,NA,"0-5.000",NA,NA,NA,NA,"Standard","2026-08-25T08:45:29+07:00",2026,0,"Like",2500
"943873984","Toyota Fortuner 2.8 VRZ GR Sport 4x4 Diesel AT Facelift 2024 Like New",5.6e+08,NA,"40.000-45.000",NA,NA,NA,NA,"Standard","2026-08-20T12:25:51+07:00",2024,2,"Toyota",42500
"947714570","[ 4x4 - KM LOW 7RB ] Lexus LX 600 LX600 7 Seater F Sport AT 2023 2024",2.795e+09,NA,"5.000-10.000",NA,NA,NA,NA,"Standard","2026-08-28T15:55:22+07:00",2023,3,"[",7500
"947791273","Toyota Innova Km39Rb V AT Diesel 2017 Model 2022 FullOriginal SPT BARU",2.88e+08,NA,"35.000-40.000",NA,NA,NA,NA,"Standard","2026-08-28T21:46:48+07:00",2017,9,"Toyota",37500
"947713481","[ 4x4 ] Toyota Land Cruiser LC 300 VX-R VXR TSS Diesel AT 2023 2024",1.95e+09,NA,"25.000-30.000",NA,NA,NA,NA,"Standard","2026-08-25T14:47:47+07:00",2023,3,"[",27500
"947762662","DP10% [Km7.000] X1 X-Line 2024 White Reg 2025 #AUTOHIGH",7.1e+08,NA,"0-5.000",NA,NA,NA,NA,"Standard","2026-08-27T17:10:09+07:00",2024,2,"DP10%",2500
"947709325","VENTURER 2.0 AT Tahun 2018",2.6e+08,NA,"95.000-100.000",NA,NA,NA,NA,"Standard","2026-08-25T13:49:38+07:00",2018,8,"VENTURER",97500
"947841519","2019 Mercedes Benz E350 Amg Panoramic Antik tdp90jt",5.99e+08,NA,"15.000-20.000",NA,NA,NA,NA,"Standard","2026-08-31T13:20:19+07:00",2019,7,"2019",17500
"947499755","Mercedes Benz GLA35 AMG 2024 NIK 2023 Mercy GLA 35 mdl 2022",6.66e+08,NA,"5.000-10.000",NA,NA,NA,NA,"Standard","2026-08-27T20:01:58+07:00",2024,2,"Mercedes",7500
"947801915","[ AWD - KM 10RB ] Mazda CX5 CX 5 CX-5 Kuro Edition Sunroof 2024/2025",4.59e+08,NA,"5.000-10.000",NA,NA,NA,NA,"Standard","2026-08-29T12:26:54+07:00",2024,2,"[",7500
"947563290","Zenix Q TSS Hybrid Modelista (Type Tertinggi) 2023",1.9e+08,NA,"40.000-45.000",NA,NA,NA,NA,"Standard","2026-08-30T18:23:54+07:00",2023,3,"Zenix",42500
"947712792","KM 57RB KIA SONET PREMIERE 2022 ELECTRIC SUNROOF SOUND BOSE PASTI SUKA",2.08e+08,NA,"55.000-60.000",NA,NA,NA,NA,"Standard","2026-08-25T14:13:35+07:00",2022,4,"KM",57500
"947645760","KM 30rb Zenix V HV hybrid 2023 Toyota New Innova 2.0 Abu Modellista",4.2e+08,NA,"30.000-35.000",NA,NA,NA,NA,"Standard","2026-08-22T13:17:37+07:00",2023,3,"KM",32500
"947280559","MITSUBISHI PAJERO SPORT 2.4 DAKAR 4X2 AT 2022 KONDISI ISTIMEWA",4.45e+08,NA,"75.000-80.000",NA,NA,NA,NA,"Standard","2026-08-06T12:11:35+07:00",2022,4,"MITSUBISHI",77500
"947228619","[ LOW KM 2RB ] Mitsubishi Destinator 1.5 Ultimate Premium DS 2025/2026",4.29e+08,NA,"0-5.000",NA,NA,NA,NA,"Standard","2026-08-04T14:26:50+07:00",2025,1,"[",2500
"947570249","Toyota Hilux GR Sport (rare item) white Nik 2023 Siap paki",5.6e+08,NA,"15.000-20.000",NA,NA,NA,NA,"Standard","2026-08-19T11:56:18+07:00",2023,3,"Toyota",17500
"947598562","Honda Odyssey Prestige 2019 / 2020 AT 2.4 ,  km 37 ribu, pajak panjang",3e+08,NA,"5.000-10.000",NA,NA,NA,NA,"Standard","2026-08-20T14:08:18+07:00",2019,7,"Honda",7500
"947709764","[ VIP 2+2 ] Lexus LM350 LM 350 Hybrid Executive 4 Seater 2025/2026",2.25e+09,NA,"5.000-10.000",NA,NA,NA,NA,"Standard","2026-08-25T12:17:11+07:00",2025,1,"[",7500
"947246794","[ GARANSI 5TH ] Hyundai Palisade Signature 2.2 Panoramic AT 2023/2024",6.5e+08,NA,"45.000-50.000",NA,NA,NA,NA,"Standard","2026-08-05T10:47:28+07:00",2023,3,"[",47500
"947613575","Km 8Rb MERCEDES BENZ GLE 450 AMG 2022",1.05e+09,NA,"5.000-10.000",NA,NA,NA,NA,"Standard","2026-08-21T08:29:55+07:00",2022,4,"Km",7500
"947660357","Suzuki SX4 2016 Bensin",1.42e+08,NA,"90.000-95.000",NA,NA,NA,NA,"Standard","2026-08-28T13:39:56+07:00",2016,10,"Suzuki",92500
"947546729","Mercedes-Benz GLE 400 2018",3.55e+08,NA,"90.000-95.000",NA,NA,NA,NA,"Standard","2026-08-19T08:57:38+07:00",2018,8,"Mercedes-Benz",92500
"947316687","Km 2rb toyota hilux v double cabin 4x4 awd 2025 hitam pajak panjang",4.85e+08,NA,"0-5.000",NA,NA,NA,NA,"Standard","2026-08-07T20:52:59+07:00",2025,1,"Km",2500
"947458355","Chevrolet Spin Activ (2015)",1.1e+08,NA,"180.000-185.000",NA,NA,NA,NA,"Standard","2026-08-27T22:00:02+07:00",2015,11,"Chevrolet",182500
"947278620","[ GARANSI 5TH ] Toyota Voxy 2.0 CVT Facelift TSS Camera360 2024/2025",4.35e+08,NA,"15.000-20.000",NA,NA,NA,NA,"Standard","2026-08-06T11:24:15+07:00",2024,2,"[",17500
"947761555","[LOW KM RECORD] Jazz RS MT GK5 2015 | Yaris | City | Baleno | Mazda 2",1.59e+08,NA,"30.000-35.000",NA,NA,NA,NA,"Standard","2026-08-27T16:23:57+07:00",2015,11,"[LOW",32500
"947744059","5JT ALTIS V AT 2015 RED EDITION SUPER RARE COLOUR !!",1.65e+08,NA,"90.000-95.000",NA,NA,NA,NA,"Standard","2026-08-26T21:57:26+07:00",2015,11,"5JT",92500
"947805410","Baic Bj40 2024 km low 7rban Bensin",4.48e+08,NA,"5.000-10.000",NA,NA,NA,NA,"Standard","2026-08-29T14:33:42+07:00",2024,2,"Baic",7500
"945104743","Toyota Raize 2021 Bensin",1.95e+08,NA,"35.000-40.000",NA,NA,NA,NA,"Standard","2026-08-14T07:10:37+07:00",2021,5,"Toyota",37500
"947434724","DP10% [Km4.000] C300 AMG 2023 Black Reg 2024 #AUTOHIGH",8.65e+08,NA,"0-5.000",NA,NA,NA,NA,"Standard","2026-08-12T22:12:54+07:00",2023,3,"DP10%",2500
"947768627","Honda BR-V E CVT 2016 | Owner Langsung | Body Mulus | Siap Pakai",147500000,NA,"90.000-95.000",NA,NA,NA,NA,"Standard","2026-08-29T23:45:02+07:00",2016,10,"Honda",92500
"947720889","DP10% [Km20.000] C200 Avantgarde 2019 Black Reg 2020 #AUTOHIGH",4.35e+08,NA,"15.000-20.000",NA,NA,NA,NA,"Standard","2026-08-25T21:03:03+07:00",2019,7,"DP10%",17500
"947775300","Mercedes-Benz E240 W211 2004 Black on Beige Rp89 Juta Nego",8.9e+07,NA,"155.000-160.000",NA,NA,NA,NA,"Standard","2026-08-30T07:25:58+07:00",2004,22,"Mercedes-Benz",157500
"947760878","Honda BRV E Prestige AT th 2022 #istana jaya motor",2.02e+08,NA,"30.000-35.000",NA,NA,NA,NA,"Standard","2026-08-27T15:54:28+07:00",2022,4,"Honda",32500
"947531884","! ODO 5RB ! Merc Benz E200 Exclusive Line W214 2024",1.099e+09,NA,"5.000-10.000",NA,NA,NA,NA,"Standard","2026-08-17T14:57:54+07:00",2024,2,"!",7500
"947658829","Toyota Kijang Super G 1.5 1995 PowerSterring Mulus Sekali Antik JrgAda",37500000,NA,"120.000-125.000",NA,NA,NA,NA,"Standard","2026-08-23T00:11:14+07:00",1995,31,"Toyota",122500
"947691559","Toyota HILUX 2021 Diesel",2.4e+08,NA,"105.000-110.000",NA,NA,NA,NA,"Standard","2026-08-26T10:15:19+07:00",2021,5,"Toyota",107500
"947682699","ALMAZ RS PRO 2022 LOW KILOMETER ANTIK SIAP PAKAI GARANSI OTOSPEKTOR",1.8e+08,NA,"25.000-30.000",NA,NA,NA,NA,"Standard","2026-08-24T10:34:12+07:00",2022,4,"ALMAZ",27500
"947818634","Chevrolet trax turbo premier 2019 abu sunroof",1.35e+08,NA,"75.000-80.000",NA,NA,NA,NA,"Standard","2026-08-30T10:21:57+07:00",2019,7,"Chevrolet",77500
"947750437","IGNIS 1.2 GX AGS AT 2019 TDP20jt Suzuki Ignis GX Matic 2018",1.17e+08,NA,"125.000-130.000",NA,NA,NA,NA,"Standard","2026-08-31T09:08:38+07:00",2019,7,"IGNIS",127500
"947599059","GLA200 AMG 2024 Facelift GLA 200 GLA35 mdl 2023",7.16e+08,NA,"10.000-15.000",NA,NA,NA,NA,"Standard","2026-08-20T14:24:27+07:00",2024,2,"GLA200",12500
"947712391","(LOW KM!!) BMW 520i M Sport G30 LCI 2021 530i E300 330i X3 ES300h",6.1e+08,NA,"5.000-10.000",NA,NA,NA,NA,"Standard","2026-08-25T13:57:08+07:00",2021,5,"(LOW",7500
"947783945","Harrier 2008 L premium Tgn 1 Jaminan Istimewa Low Km",1.15e+08,NA,"120.000-125.000",NA,NA,NA,NA,"Standard","2026-08-28T15:58:16+07:00",2008,18,"Harrier",122500
"947783877","[ LOW KM ] Mercedes Benz Mercy C200 C 200 Estate Wagon S205 2019/2020",7.8e+08,NA,"30.000-35.000",NA,NA,NA,NA,"Standard","2026-08-28T15:55:48+07:00",2019,7,"[",32500
"947402577","[ AWD - KM 700 ] Tesla Model Y Long Range Dual Motor 2022/2023",8.2e+08,NA,"0-5.000",NA,NA,NA,NA,"Standard","2026-08-27T08:10:12+07:00",2022,4,"[",2500
"946709347","Wuling Almaz RS Pro Hybrid 2.0 Panoramic Dual Tone 2022 Like New Recor",2.29e+08,NA,"35.000-40.000",NA,NA,NA,NA,"Standard","2026-08-13T23:31:14+07:00",2022,4,"Wuling",37500
"946037014","[KM 28 PERAK] Hyundai Stargazer Essential 1.5 IVT 2023/2024/2026/2025",2.05e+08,NA,"0-5.000",NA,NA,NA,NA,"Standard","2026-08-20T16:26:05+07:00",2023,3,"[KM",2500
"947251671","[ 4x4 - LOW KM 3RB ] BAIC BJ40 BJ 40 Plus 2.0 Turbo AWD 2024/2025",4.65e+08,NA,"0-5.000",NA,NA,NA,NA,"Standard","2026-08-11T21:17:50+07:00",2024,2,"[",2500
"947451384","[LOW KM 10.000] MAZDA 2 SEDAN 2023 MERAH ISTIMEWA NIK 2022 RED GT AT",2e+08,NA,"5.000-10.000",NA,NA,NA,NA,"Standard","2026-08-13T16:12:52+07:00",2023,3,"[LOW",7500
"947623466","COCOK UNTUK PECINTA ESTETIKA! BARU 16.000KM, 520i MSPORT 2024 TERBARU",1.089e+09,NA,"15.000-20.000",NA,NA,NA,NA,"Standard","2026-08-21T14:32:47+07:00",2024,2,"COCOK",17500
"947722170","DP10% [Km18.000] C200 AMG 2018 White Reg 2019 #AUTOHIGH",3.85e+08,NA,"5.000-10.000",NA,NA,NA,NA,"Standard","2026-08-25T22:30:57+07:00",2018,8,"DP10%",7500
"947548331","KM 9 ribu Mazda 3 Hatchback 2025",4.75e+08,NA,"5.000-10.000",NA,NA,NA,NA,"Standard","2026-08-20T23:01:34+07:00",2025,1,"KM",7500
"947538223","Toyota Camry 2.5 V 2022 Very Mint Condition",3.45e+08,NA,"45.000-50.000",NA,NA,NA,NA,"Standard","2026-08-17T22:38:02+07:00",2022,4,"Toyota",47500
"947700122","[ GARANSI 5TH ] Toyota Alphard 2.5 G AT Pilot Seat 2018/2019",5.39e+08,NA,"50.000-55.000",NA,NA,NA,NA,"Standard","2026-08-28T07:45:44+07:00",2018,8,"[",52500
"947528782","[ GARANSI 5TH ] Toyota Alphard 2.5 G CVT Pilot Seat AT 2024/2025",1.08e+09,NA,"20.000-25.000",NA,NA,NA,NA,"Standard","2026-08-17T13:32:03+07:00",2024,2,"[",22500
"947177563","(KM:20rb) Range Rover Vogue 3.0 Autobiography 2015 low km Landrover",1.05e+09,NA,"15.000-20.000",NA,NA,NA,NA,"Standard","2026-08-25T14:37:37+07:00",2015,11,"(KM:20rb)",17500
"947762018","Suzuki Grand Vitara Hybrid 1.5 GX AT Black On Black NIK 2023",2.9e+08,NA,"20.000-25.000",NA,NA,NA,NA,"Standard","2026-08-27T16:42:38+07:00",2023,3,"Suzuki",22500
"947774521","[ GARANSI 5TH ] Hyundai Staria 2.2L 2WD Signature 7 Seater 2022/2023",4.25e+08,NA,"65.000-70.000",NA,NA,NA,NA,"Standard","2026-08-28T10:24:37+07:00",2022,4,"[",67500
"947702128","[ GARANSI 5TH ] Honda BR-V BRV BR V N7X Prestige 1.5 AT 2024/2025",2.29e+08,NA,"25.000-30.000",NA,NA,NA,NA,"Standard","2026-08-28T07:26:23+07:00",2024,2,"[",27500
"947403232","[ LOW KM 16RB ] Mercedes Benz Mercy GLA200 GLA 200 AMG H247 2022/2023",5.6e+08,NA,"15.000-20.000",NA,NA,NA,NA,"Standard","2026-08-11T17:47:35+07:00",2022,4,"[",17500
"947738330","Mercedes-Benz A200 HB W176 Facelift AMG 2015 / 2016",2.75e+08,NA,"35.000-40.000",NA,NA,NA,NA,"Standard","2026-08-26T16:25:52+07:00",2015,11,"Mercedes-Benz",37500
"946959710","Honda Brio E 2017 AT CVT",1.18e+08,NA,"50.000-55.000",NA,NA,NA,NA,"Standard","2026-08-23T09:40:34+07:00",2017,9,"Honda",52500
"947548199","[ KM 5RB ] Hyundai Ioniq 5N Ioniq5N Ioniq 5 2023/2024",8.75e+08,NA,"5.000-10.000",NA,NA,NA,NA,"Standard","2026-08-30T12:16:23+07:00",2023,3,"[",7500
"947752956","Lexus lx600 vip 4 seat awd 2023 hitam pajak panjang",2.445e+09,NA,"40.000-45.000",NA,NA,NA,NA,"Standard","2026-08-27T11:37:03+07:00",2023,3,"Lexus",42500
"947075463","Mercedes Benz E300 AMG Line 2018 Convert 2021",4.98e+08,NA,"15.000-20.000",NA,NA,NA,NA,"Standard","2026-08-29T00:47:13+07:00",2018,8,"Mercedes",17500
"947411051","[ LOW KM ] BMW 740Li 740 Li G12 CKD AT Black On Brown 2017/2018",5.25e+08,NA,"35.000-40.000",NA,NA,NA,NA,"Standard","2026-08-12T04:55:07+07:00",2017,9,"[",37500
"946950760","TOYOTA ALPHARD 2.5 SC PREMIUM SOUND AT BENSIN 2015 HITAM 2016 RECORD",4.25e+08,NA,"105.000-110.000",NA,NA,NA,NA,"Standard","2026-08-23T13:36:46+07:00",2015,11,"TOYOTA",107500
"947829896","BMW M3 M3C Competition Touring 2024/ 2025 KM 1rb ANTIK",2.33e+09,NA,"0-5.000",NA,NA,NA,NA,"Standard","2026-08-30T20:27:45+07:00",2024,2,"BMW",2500
"947251556","[ KM 700 PERAK ] Mitsubishi Destinator 1.5 Ultimate DS 2025/2026",4.29e+08,NA,"0-5.000",NA,NA,NA,NA,"Standard","2026-08-05T13:17:03+07:00",2025,1,"[",2500
"947841518","Mercedes Benz E300 AMG 2017 low km e 300 merci",4.75e+08,NA,"25.000-30.000",NA,NA,NA,NA,"Standard","2026-08-31T13:20:19+07:00",2017,9,"Mercedes",27500
"947499051","[ AWD ] BYD Seal Performance 3.8s Fullspec 2024/2025",4.79e+08,NA,"15.000-20.000",NA,NA,NA,NA,"Standard","2026-08-15T15:51:05+07:00",2024,2,"[",17500
"947621093","BMW 730LI Msport 2019 termurah",6.88e+08,NA,"35.000-40.000",NA,NA,NA,NA,"Standard","2026-08-21T13:17:58+07:00",2019,7,"BMW",37500
"947750901","Subaru Forester 2.0i S EyeSight NIK 2023",3.55e+08,NA,"30.000-35.000",NA,NA,NA,NA,"Standard","2026-08-29T17:43:25+07:00",2023,3,"Subaru",32500
"947748940","RECORDS! HYUNDAI KONA EV SIGNATURE LONG RANGE 2021 PUTIH",2.25e+08,NA,"40.000-45.000",NA,NA,NA,NA,"Standard","2026-08-27T09:00:21+07:00",2021,5,"RECORDS!",42500
"946608761","[ LOW KM 28RB ] Lexus ES300 ES 300 Hybrid Ultra Luxury 2020/2021",6.45e+08,NA,"25.000-30.000",NA,NA,NA,NA,"Standard","2026-08-10T01:32:08+07:00",2020,6,"[",27500
"947690485","Mercedes Benz SLK250 AMG NIK 2013 Red On Black",5.95e+08,NA,"15.000-20.000",NA,NA,NA,NA,"Standard","2026-08-24T15:02:51+07:00",2013,13,"Mercedes",17500
"947332974","[ LOW KM 19RB ] Hyundai Ioniq 5 Long Range Signature EV 2023/2024",4.37e+08,NA,"15.000-20.000",NA,NA,NA,NA,"Standard","2026-08-08T14:50:55+07:00",2023,3,"[",17500
"947313899","Alphard 2.5 ATPM 2021",6.45e+08,NA,"60.000-65.000",NA,NA,NA,NA,"Standard","2026-08-29T10:50:31+07:00",2021,5,"Alphard",62500
"946247354","DP10% [Km22.000] 520i M-Sport 2023 White Reg 2022 #AUTOHIGH",7.45e+08,NA,"15.000-20.000",NA,NA,NA,NA,"Standard","2026-08-24T17:00:17+07:00",2023,3,"DP10%",17500
"947728821","[ 4x4 - XWD ] Jetour T2 T 2 2.0 Turbo Bensin Non Hybrid 2026/2025",4.88e+08,NA,"10.000-15.000",NA,NA,NA,NA,"Standard","2026-08-27T08:12:45+07:00",2026,0,"[",12500
"947369414","[ AWD ] Mazda CX5 CX 5 CX-5 2,5 Kuro Edition Sunroof AT 2024/2025",4.39e+08,NA,"20.000-25.000",NA,NA,NA,NA,"Standard","2026-08-10T12:16:52+07:00",2024,2,"[",22500
"947807757","Ford Focus 1.8 Hatcback AT 2011 Km 80rb Record",8.5e+07,NA,"75.000-80.000",NA,NA,NA,NA,"Standard","2026-08-29T16:14:53+07:00",2011,15,"Ford",77500
"946719555","[LOW KM 9.000] TOYOTA RUSH TRD AT 2021 SILVER TT 2022 GR MATIC",2.1e+08,NA,"5.000-10.000",NA,NA,NA,NA,"Standard","2026-08-22T10:00:00+07:00",2021,5,"[LOW",7500
"947335043","[ KM LOW ] Toyota Innova Zenix Q Hybrid 2.0 Modelista TSS 2023 2024",4.65e+08,NA,"20.000-25.000",NA,NA,NA,NA,"Standard","2026-08-08T16:16:19+07:00",2023,3,"[",22500
"947562176","2017 KM 38RB ?? BMW X5 XDRIVE 35i XLINE 2017 A/T",4.51e+08,NA,"30.000-35.000",NA,NA,NA,NA,"Standard","2026-08-19T01:23:37+07:00",2017,9,"2017",32500
"947330740","[ LOW KM 12RB ] Mazda CX9 CX-9 CX 9 2.5 Kuro Edition AT 2023/2024",5.15e+08,NA,"10.000-15.000",NA,NA,NA,NA,"Standard","2026-08-08T13:29:27+07:00",2023,3,"[",12500
"947474364","Hyundai Tucson 2013 Bensin",1.2e+08,NA,"115.000-120.000",NA,NA,NA,NA,"Standard","2026-08-14T15:06:56+07:00",2013,13,"Hyundai",117500
"947691715","[LOW KM 16RB] Mercedes Benz Mercy C 200 C200 Avantgarde W206 2022/2023",6e+08,NA,"15.000-20.000",NA,NA,NA,NA,"Standard","2026-08-26T00:28:34+07:00",2022,4,"[LOW",17500
"947519087","Chery Omoda 5 RZ 1.5 AT 2023 TERMURAH MOBIL SUNROOF",2.23e+08,NA,"20.000-25.000",NA,NA,NA,NA,"Standard","2026-08-27T10:51:15+07:00",2023,3,"Chery",22500
"947352572","Mini Cooper Countryman Facelift F60 2.0 S Turbo Panoramic NIK 2017",3.95e+08,NA,"55.000-60.000",NA,NA,NA,NA,"Standard","2026-08-09T15:04:24+07:00",2017,9,"Mini",57500
"947754629","Dijual HRV E 1.5 AT facelift 2019/2018 , abuabu, sangat terawat !",192500000,NA,"60.000-65.000",NA,NA,NA,NA,"Standard","2026-08-27T12:27:26+07:00",2019,7,"Dijual",62500
"947690550","[ RARE - ANTIK 34RB KM ] Toyota Crown Royal 3.5 Athlete G AT 2013 2014",4.95e+08,NA,"30.000-35.000",NA,NA,NA,NA,"Standard","2026-08-25T23:06:44+07:00",2013,13,"[",32500
"947730303","LEXUS RX 200T Luxury 2016 Mulus",4.35e+08,NA,"70.000-75.000",NA,NA,NA,NA,"Standard","2026-08-26T11:22:15+07:00",2016,10,"LEXUS",72500
"947689807","[ LOW KM 31RB ] Mercedes Benz Mercy GLA200 GLA 200 AMG X156 2018/2019",3.2e+08,NA,"30.000-35.000",NA,NA,NA,NA,"Standard","2026-08-26T13:02:37+07:00",2018,8,"[",32500
"947257269","Mercedes Benz C200 AT W205 tahun 2018",4e+08,NA,"65.000-70.000",NA,NA,NA,NA,"Standard","2026-08-26T15:26:00+07:00",2018,8,"Mercedes",67500
"947622592","LEXUS GS 350 2012 UPGRADE FACELIFT 2017 3.5 V6 AT SUNROOF FULL MODIFIK",3.75e+08,NA,"85.000-90.000",NA,NA,NA,NA,"Standard","2026-08-21T14:04:59+07:00",2012,14,"LEXUS",87500
"947804903","2022 ALPHARD G ATPM TSS 2022 SIAP PAKAI",7.1e+08,NA,"55.000-60.000",NA,NA,NA,NA,"Standard","2026-08-29T14:16:06+07:00",2022,4,"2022",57500
"947527541","[ AWD - LOW KM 21RB ] BMW X4 X 4 xDrive30i M Sport AT 2022/2023",8.4e+08,NA,"20.000-25.000",NA,NA,NA,NA,"Standard","2026-08-19T20:50:03+07:00",2022,4,"[",22500
"947786848","BMW X3 M Sport 2023/ 2024 KM 19rb ANTIK",8.25e+08,NA,"15.000-20.000",NA,NA,NA,NA,"Standard","2026-08-28T18:05:54+07:00",2023,3,"BMW",17500
"947571478","Km54rb toyota alphard g atpm 2018 hitam sunroof",5.4e+08,NA,"50.000-55.000",NA,NA,NA,NA,"Standard","2026-08-19T12:37:52+07:00",2018,8,"Km54rb",52500
"947825140","BYD Atto 1 Standard 2025 Km 3rb!!!",1.89e+08,NA,"0-5.000",NA,NA,NA,NA,"Standard","2026-08-31T09:08:18+07:00",2025,1,"BYD",2500
"947308608","DAIHATSU BLINDVAN HITAM GRANDMAX 2019 1.3 AC odometer 113 ribu",8.5e+07,NA,"110.000-115.000",NA,NA,NA,NA,"Standard","2026-08-15T11:42:11+07:00",2019,7,"DAIHATSU",112500
"947435889","Mitsubishi L300 Box Aluminium 2020",1.7e+08,NA,"75.000-80.000",NA,NA,NA,NA,"Standard","2026-08-27T18:17:38+07:00",2020,6,"Mitsubishi",77500
"947255373","[ LOW KM 34RB ] Lexus GS200 GS 200 F-Sport F Sport Fullspec 2017/2018",4.5e+08,NA,"30.000-35.000",NA,NA,NA,NA,"Standard","2026-08-05T15:15:02+07:00",2017,9,"[",32500
"947429184","[ LOW KM 10RB ] Toyota Alphard 2.5 HEV Hybrid Modelista TSS 2024/2025",1.35e+09,NA,"10.000-15.000",NA,NA,NA,NA,"Standard","2026-08-12T17:19:07+07:00",2024,2,"[",12500
"947165201","JUAL GR LIVINA XV AT 2016. ANTIK",1.05e+08,NA,"75.000-80.000",NA,NA,NA,NA,"Standard","2026-08-24T18:07:50+07:00",2016,10,"JUAL",77500
"947700652","[ GARANSI 5TH ] Honda HRV HR-V HR V 1.5 SE CVT AT 2020/2021",2.06e+08,NA,"75.000-80.000",NA,NA,NA,NA,"Standard","2026-08-28T21:24:57+07:00",2020,6,"[",77500
"947334835","[ LOW KM 28RB ] Lexus ES300 ES 300 Hybrid Ultra Luxury 2020/2021",6.45e+08,NA,"25.000-30.000",NA,NA,NA,NA,"Standard","2026-08-08T16:06:51+07:00",2020,6,"[",27500
"947775393","(KM8000)TOYOTA AVANZA E AT 2026 NIK 2025 KAYA BARU ISTIMEWA",1.84e+08,NA,"5.000-10.000",NA,NA,NA,NA,"Standard","2026-08-31T09:46:02+07:00",2026,0,"(KM8000)TOYOTA",7500
"947309643","BMW X1 sDrive18i 2019 White - Istimewa ready pakai",3e+08,NA,"45.000-50.000",NA,NA,NA,NA,"Standard","2026-08-22T07:49:23+07:00",2019,7,"BMW",47500
"947713866","Honda CR-V 2016 Bensin",1.85e+08,NA,"135.000-140.000",NA,NA,NA,NA,"Standard","2026-08-25T15:08:42+07:00",2016,10,"Honda",137500
"946925185","(RARE FULL ORI) SLK 250 AMG 2013 LOW KM ++ Condition",5.6e+08,NA,"45.000-50.000",NA,NA,NA,NA,"Standard","2026-08-28T16:43:21+07:00",2013,13,"(RARE",47500
"947693488","(KM:20rb) Mercedes Benz CLA200 AMG 2014 low km mercy cla 200",2.25e+08,NA,"15.000-20.000",NA,NA,NA,NA,"Standard","2026-08-24T16:58:34+07:00",2014,12,"(KM:20rb)",17500
"947641551","Honda City 1.5 RS 2018 (AT)",1.7e+08,NA,"45.000-50.000",NA,NA,NA,NA,"Standard","2026-08-22T10:56:40+07:00",2018,8,"Honda",47500
"943649829","DP10% [Km19.000] Jeep Wrangler Rubicon 2018 White Reg 2019 #AUTOHIGH",1.45e+09,NA,"5.000-10.000",NA,NA,NA,NA,"Standard","2026-08-07T21:06:18+07:00",2018,8,"DP10%",7500
"937663524","Porsche Cayenne E Hybrid Platinum Edition 2023/25 3rb miles full opt",2.765e+09,NA,"0-5.000",NA,NA,NA,NA,"Standard","2026-08-09T23:54:48+07:00",2023,3,"Porsche",2500
"947227199","(KM50000)HONDA HRV 1.8 AT PRESTIGE 2017 NIK 2016 SUNROOF KM RENDAH!!",1.62e+08,NA,"50.000-55.000",NA,NA,NA,NA,"Standard","2026-08-29T09:38:36+07:00",2017,9,"(KM50000)HONDA",52500
"947415674","[ BERGARANSI ] Hyundai Ioniq 5 Long Range Signature EV 2023/2024",4.15e+08,NA,"35.000-40.000",NA,NA,NA,NA,"Standard","2026-08-12T10:21:55+07:00",2023,3,"[",37500
"947806863","[ANTIK KM 55RIBU] RUSH S 1.5 AT 2010 HITAM",1.1e+08,NA,"50.000-55.000",NA,NA,NA,NA,"Standard","2026-08-29T15:38:48+07:00",2010,16,"[ANTIK",52500
"947257606","[ LOW KM 34RB ] Lexus GS200 GS 200 F-Sport F Sport Fullspec 2017/2018",4.5e+08,NA,"30.000-35.000",NA,NA,NA,NA,"Standard","2026-08-05T16:31:57+07:00",2017,9,"[",32500
"947784112","Toyota Land cruiser 300 GR th 2025 ( landcruiser Lc300 )",2.29e+09,NA,"5.000-10.000",NA,NA,NA,NA,"Standard","2026-08-28T16:05:02+07:00",2025,1,"Toyota",7500
"947726311","Dp 3 Juta / Toyota All New ALPHARD G 2.5 AT ATPM 2021 Hitam",6.45e+08,NA,"35.000-40.000",NA,NA,NA,NA,"Standard","2026-08-26T11:39:35+07:00",2021,5,"Dp",37500
"947761506","[ GARANSI 5TH ] Hyundai Staria 2.2L 2WD Signature 7 Seater 2021/2022",4.35e+08,NA,"45.000-50.000",NA,NA,NA,NA,"Standard","2026-08-27T16:22:17+07:00",2021,5,"[",47500
"947300300","KM14rb C300 AMG Line 2018 Mercedes 2019 320i G20 Accord tgn1 terawat",4.69e+08,NA,"10.000-15.000",NA,NA,NA,NA,"Standard","2026-08-27T18:40:05+07:00",2018,8,"KM14rb",12500
"947399974","[ GARANSI 5TH ] Honda Accord 1.5 VTEC Turbo Sunroof Sensing 2022 2023",3.95e+08,NA,"50.000-55.000",NA,NA,NA,NA,"Standard","2026-08-11T15:39:45+07:00",2022,4,"[",52500
"947766943","Nissan Serena HWS 2017 Rawatan #LDK#",1.49e+08,NA,"110.000-115.000",NA,NA,NA,NA,"Standard","2026-08-27T20:45:24+07:00",2017,9,"Nissan",112500
"947492206","KM.50.000 Xpander Ultimate 1.5 AT 2019",1.83e+08,NA,"50.000-55.000",NA,NA,NA,NA,"Standard","2026-08-15T11:40:06+07:00",2019,7,"KM.50.000",52500
"947255478","[ LOW KM 19RB ] Mercedes Benz Mercy CLA200 CLA 200 AMG C118 2019/2020",4.95e+08,NA,"15.000-20.000",NA,NA,NA,NA,"Standard","2026-08-05T15:19:27+07:00",2019,7,"[",17500
"947425339","[ GARANSI 5TH ] Mazda CX5 CX 5 CX-5 Kuro Edition 2022/2023",3.85e+08,NA,"25.000-30.000",NA,NA,NA,NA,"Standard","2026-08-12T15:52:11+07:00",2022,4,"[",27500
"947762685","2020 BMW F30 320i B48 2019 SPORT SHADOW 2020 ALPHINE WHITE 2021 SEDAN",3.33e+08,NA,"35.000-40.000",NA,NA,NA,NA,"Standard","2026-08-30T10:49:29+07:00",2020,6,"2020",37500
"947460369","Pajero Sport Dakar 2.4 2020/2021",3.88e+08,NA,"75.000-80.000",NA,NA,NA,NA,"Standard","2026-08-23T19:18:30+07:00",2020,6,"Pajero",77500
"947280338","[ GARANSI 5TH ] Hyundai Santafe Santa Fe 2.5 Prime Bensin 2023/2024",3.59e+08,NA,"35.000-40.000",NA,NA,NA,NA,"Standard","2026-08-06T12:04:00+07:00",2023,3,"[",37500
"947773255","Hyundai Creta Prime 2tone nik 2022 RECORD!!",2.4e+08,NA,"20.000-25.000",NA,NA,NA,NA,"Standard","2026-08-28T09:37:03+07:00",2022,4,"Hyundai",22500
"947411032","[ LOW KM 16RB ] Mercedes Benz Mercy GLA200 GLA 200 AMG H247 2022/2023",5.6e+08,NA,"15.000-20.000",NA,NA,NA,NA,"Standard","2026-08-12T04:47:20+07:00",2022,4,"[",17500
"947427389","[ LOW MILES 3RB ] BAIC BJ40 BJ 40 Plus 2,0 Turbo 4x4 AWD 2024/2025",4.59e+08,NA,"0-5.000",NA,NA,NA,NA,"Standard","2026-08-13T11:07:10+07:00",2024,2,"[",2500
"947649721","[ LOW KM 10RB-BONUS UPGRADE ] Suzuki Jimny 4x4 3 Door 2021/2022 Hijau",3.69e+08,NA,"5.000-10.000",NA,NA,NA,NA,"Standard","2026-08-28T13:05:09+07:00",2021,5,"[",7500
"947709012","[4x4 - LOW KM 16RB] Toyota Land Cruiser LC 300 GR Sport TSS 2023/2024",1.99e+09,NA,"15.000-20.000",NA,NA,NA,NA,"Standard","2026-08-25T11:54:50+07:00",2023,3,"[4x4",17500
"946252597","[ GARANSI 5TH ] Toyota Alphard 2.5 G ATPM TSS Pilot Seat 2022/2023",7.2e+08,NA,"40.000-45.000",NA,NA,NA,NA,"Standard","2026-08-09T17:27:03+07:00",2022,4,"[",42500
